file,line,kind,label,binding,apiFamily,source
"src/admin/AdminConsolePage.tsx","146","display","{labels[value] || value}","","management/console/{overview,orders,audit,settings,system}","本地管理数据"
"src/admin/AdminConsolePage.tsx","241","table-column","""操作""","""_detail"" | (p: GridRenderCellParams) => ( <Button component={Link} to={href(p.row)}> 查看详情 </Button> )","management/console/{overview,orders,audit,settings,system}","本地管理数据"
"src/admin/AdminConsolePage.tsx","293","display","""本地管理 Demo""","","management/console/{overview,orders,audit,settings,system}","本地管理数据"
"src/admin/AdminConsolePage.tsx","487","display","""待审核""","","management/console/{overview,orders,audit,settings,system}","本地管理数据"
"src/admin/AdminConsolePage.tsx","648","table-column","""申请用户""","""name"" | ","management/console/{overview,orders,audit,settings,system}","本地管理数据"
"src/admin/AdminConsolePage.tsx","649","table-column","""邮箱""","""email"" | ","management/console/{overview,orders,audit,settings,system}","本地管理数据"
"src/admin/AdminConsolePage.tsx","650","table-column","""费率方案""","""groupName"" | ","management/console/{overview,orders,audit,settings,system}","本地管理数据"
"src/admin/AdminConsolePage.tsx","651","table-column","""状态""","""status"" | (p) => <State value={p.value} />","management/console/{overview,orders,audit,settings,system}","本地管理数据"
"src/admin/AdminConsolePage.tsx","657","table-column","""申请时间""","""created_at"" | (v) => time(v)","management/console/{overview,orders,audit,settings,system}","本地管理数据"
"src/admin/AdminConsolePage.tsx","675","display","{l}","{v}","management/console/{overview,orders,audit,settings,system}","本地管理数据"
"src/admin/AdminConsolePage.tsx","687","input/filter","""姓名、邮箱或用户编号""","{keyword}","management/console/{overview,orders,audit,settings,system}","本地管理数据"
"src/admin/AdminConsolePage.tsx","767","input/filter","""搜索费率方案""","{keyword}","management/console/{overview,orders,audit,settings,system}","本地管理数据"
"src/admin/AdminConsolePage.tsx","783","table-column","""费率方案""","""name"" | ","management/console/{overview,orders,audit,settings,system}","本地管理数据"
"src/admin/AdminConsolePage.tsx","784","table-column","""说明""","""description"" | ","management/console/{overview,orders,audit,settings,system}","本地管理数据"
"src/admin/AdminConsolePage.tsx","785","table-column","""客户数""","""memberCount"" | ","management/console/{overview,orders,audit,settings,system}","本地管理数据"
"src/admin/AdminConsolePage.tsx","786","table-column","""状态""","""status"" | (p) => <State value={p.value} />","management/console/{overview,orders,audit,settings,system}","本地管理数据"
"src/admin/AdminConsolePage.tsx","827","input/filter","""操作内容、对象或操作者""","{keyword}","management/console/{overview,orders,audit,settings,system}","本地管理数据"
"src/admin/AdminConsolePage.tsx","833","input/filter","""操作类型""","{params.get(""action"") || """"}","management/console/{overview,orders,audit,settings,system}","本地管理数据"
"src/admin/AdminConsolePage.tsx","847","input/filter","""开始日期 UTC""","{params.get(""from"") || """"}","management/console/{overview,orders,audit,settings,system}","本地管理数据"
"src/admin/AdminConsolePage.tsx","854","input/filter","""结束日期 UTC""","{params.get(""to"") || """"}","management/console/{overview,orders,audit,settings,system}","本地管理数据"
"src/admin/AdminConsolePage.tsx","880","table-column","""时间""","""createdAt"" | (v) => time(v)","management/console/{overview,orders,audit,settings,system}","本地管理数据"
"src/admin/AdminConsolePage.tsx","886","table-column","""操作类型""","""action"" | (v) => actionNames[v] || v","management/console/{overview,orders,audit,settings,system}","本地管理数据"
"src/admin/AdminConsolePage.tsx","892","table-column","""操作内容""","""description"" | ","management/console/{overview,orders,audit,settings,system}","本地管理数据"
"src/admin/AdminConsolePage.tsx","898","table-column","""操作者""","""actor"" | ","management/console/{overview,orders,audit,settings,system}","本地管理数据"
"src/admin/AdminConsolePage.tsx","929","input/filter","""搜索订单号或名称""","{keyword}","management/console/{overview,orders,audit,settings,system}","本地管理数据"
"src/admin/AdminConsolePage.tsx","935","input/filter","""币种""","{params.get(""currency"") || """"}","management/console/{overview,orders,audit,settings,system}","本地管理数据"
"src/admin/AdminConsolePage.tsx","967","table-column","""订单""","""name"" | ","management/console/{overview,orders,audit,settings,system}","本地管理数据"
"src/admin/AdminConsolePage.tsx","968","table-column","""业务""","""kind"" | ","management/console/{overview,orders,audit,settings,system}","本地管理数据"
"src/admin/AdminConsolePage.tsx","969","table-column","""收支金额""","""amount"" | (p) => money(p.row.amount, p.row.currency)","management/console/{overview,orders,audit,settings,system}","本地管理数据"
"src/admin/AdminConsolePage.tsx","975","table-column","""状态""","""status"" | ","management/console/{overview,orders,audit,settings,system}","本地管理数据"
"src/admin/AdminConsolePage.tsx","976","table-column","""创建时间""","""time"" | (v) => time(v)","management/console/{overview,orders,audit,settings,system}","本地管理数据"
"src/admin/AdminConsolePage.tsx","1147","input/filter","""后台名称""","{name}","management/console/{overview,orders,audit,settings,system}","本地管理数据"
"src/admin/AdminConsolePage.tsx","1155","input/filter","""首页公告""","{notice}","management/console/{overview,orders,audit,settings,system}","本地管理数据"
"src/admin/AdminConsolePage.tsx","1227","display","{p}","","management/console/{overview,orders,audit,settings,system}","本地管理数据"
"src/admin/AdminConsolePage.tsx","1248","display","{d?.storage === ""available"" ? ""本次读取成功"" : ""尚未确认""}","","management/console/{overview,orders,audit,settings,system}","本地管理数据"
"src/admin/AdminConsolePage.tsx","1269","display","{`${({ card: ""卡片"", transaction: ""交易"", account: ""账户"", balance: ""余额快照"", fee: ""费用"", virtualAccount: ""虚拟账户"" } as Record<string, string>)[r.kind] || r.kind} ${r.count}`}","","management/console/{overview,orders,audit,settings,system}","本地管理数据"
"src/admin/AdminConsolePage.tsx","1289","display","{c.mode}","","management/console/{overview,orders,audit,settings,system}","本地管理数据"
"src/auth/CompleteRegistration.tsx","37","input/filter","""已验证邮箱""","{user.email || ''}","Firebase SDK + Go /api/v1/{me,register}","身份与注册"
"src/auth/CompleteRegistration.tsx","38","input/filter","""姓名""","{name}","Firebase SDK + Go /api/v1/{me,register}","身份与注册"
"src/auth/CompleteRegistration.tsx","40","input/filter","""设置密码（至少 12 位）""","{password}","Firebase SDK + Go /api/v1/{me,register}","身份与注册"
"src/auth/CompleteRegistration.tsx","41","input/filter","""确认密码""","{confirm}","Firebase SDK + Go /api/v1/{me,register}","身份与注册"
"src/auth/SessionPage 2.tsx","46","display","{user.emailVerified ? '邮箱已验证' : '邮箱待验证'}","","Firebase SDK + Go /api/v1/{me,register}","身份与注册"
"src/auth/SessionPage 2.tsx","46","display","{session?.mfaVerified ? '本次登录已完成双重验证' : '本次登录未完成双重验证'}","","Firebase SDK + Go /api/v1/{me,register}","身份与注册"
"src/auth/SessionPage 2.tsx","59","input/filter","""验证器当前的六位验证码""","{code}","Firebase SDK + Go /api/v1/{me,register}","身份与注册"
"src/auth/SessionPage 2.tsx","69","input/filter","{isAdminSite ? ""客户与资源"" : ""个人账户业务""}","{scope}","Firebase SDK + Go /api/v1/{me,register}","身份与注册"
"src/auth/SessionPage.tsx","46","display","{user.emailVerified ? '邮箱已验证' : '邮箱待验证'}","","Firebase SDK + Go /api/v1/{me,register}","身份与注册"
"src/auth/SessionPage.tsx","46","display","{session?.mfaVerified ? '本次登录已完成双重验证' : '本次登录未完成双重验证'}","","Firebase SDK + Go /api/v1/{me,register}","身份与注册"
"src/auth/SessionPage.tsx","59","input/filter","""验证器当前的六位验证码""","{code}","Firebase SDK + Go /api/v1/{me,register}","身份与注册"
"src/auth/SessionPage.tsx","69","input/filter","{isAdminSite ? ""客户与资源"" : ""个人账户业务""}","{scope}","Firebase SDK + Go /api/v1/{me,register}","身份与注册"
"src/bins/BinManagementPage.tsx","60","display","""卡BIN产品""","""bins""","management/{bins,channels} + portal/bin-products","本地产品配置；上游目录只读核验"
"src/bins/BinManagementPage.tsx","66","display","""渠道管理""","""channels""","management/{bins,channels} + portal/bin-products","本地产品配置；上游目录只读核验"
"src/bins/BinManagementPage.tsx","127","table-column","""卡产品""","""name"" | ","management/{bins,channels} + portal/bin-products","本地产品配置；上游目录只读核验"
"src/bins/BinManagementPage.tsx","128","table-column","""BIN前缀""","""binPrefix"" | ","management/{bins,channels} + portal/bin-products","本地产品配置；上游目录只读核验"
"src/bins/BinManagementPage.tsx","129","table-column","""卡组织""","""network"" | ","management/{bins,channels} + portal/bin-products","本地产品配置；上游目录只读核验"
"src/bins/BinManagementPage.tsx","130","table-column","""发卡渠道""","""channelName"" | (v) => v || ""未关联 / 本地演示""","management/{bins,channels} + portal/bin-products","本地产品配置；上游目录只读核验"
"src/bins/BinManagementPage.tsx","136","table-column","""币种""","""currency"" | ","management/{bins,channels} + portal/bin-products","本地产品配置；上游目录只读核验"
"src/bins/BinManagementPage.tsx","137","table-column","""状态""","""status"" | (p) => ( <Chip size=""small"" variant=""outlined"" color={p.value === ""active"" ? ""success"" : ""default""} label={binStatuses[p.value] || p.value} /> )","management/{bins,channels} + portal/bin-products","本地产品配置；上游目录只读核验"
"src/bins/BinManagementPage.tsx","142","display","{binStatuses[p.value] || p.value}","","management/{bins,channels} + portal/bin-products","本地产品配置；上游目录只读核验"
"src/bins/BinManagementPage.tsx","150","table-column","""已开 / 限制""","""issuedCount"" | (p) => `${p.row.issuedCount} / ${p.row.maxCards}`","management/{bins,channels} + portal/bin-products","本地产品配置；上游目录只读核验"
"src/bins/BinManagementPage.tsx","156","table-column","""操作""","""detail"" | (p) => ( <Button component={Link} to={`/card-bins/${p.id}`}> 维护详情 </Button> )","management/{bins,channels} + portal/bin-products","本地产品配置；上游目录只读核验"
"src/bins/BinManagementPage.tsx","192","input/filter","""产品名、BIN或产品编号""","{keyword}","management/{bins,channels} + portal/bin-products","本地产品配置；上游目录只读核验"
"src/bins/BinManagementPage.tsx","198","input/filter","""状态""","{status}","management/{bins,channels} + portal/bin-products","本地产品配置；上游目录只读核验"
"src/bins/BinManagementPage.tsx","391","input/filter","""客户端展示名称""","{draft.name}","management/{bins,channels} + portal/bin-products","本地产品配置；上游目录只读核验"
"src/bins/BinManagementPage.tsx","399","input/filter","""BIN前缀""","{draft.binPrefix}","management/{bins,channels} + portal/bin-products","本地产品配置；上游目录只读核验"
"src/bins/BinManagementPage.tsx","412","input/filter","""卡组织""","{draft.network}","management/{bins,channels} + portal/bin-products","本地产品配置；上游目录只读核验"
"src/bins/BinManagementPage.tsx","426","input/filter","""币种""","""USD""","management/{bins,channels} + portal/bin-products","本地产品配置；上游目录只读核验"
"src/bins/BinManagementPage.tsx","433","input/filter","""客户端产品说明""","{draft.description}","management/{bins,channels} + portal/bin-products","本地产品配置；上游目录只读核验"
"src/bins/BinManagementPage.tsx","443","input/filter","""平台标识""","{draft.platform || """"}","management/{bins,channels} + portal/bin-products","本地产品配置；上游目录只读核验"
"src/bins/BinManagementPage.tsx","451","input/filter","""上游产品参考ID（可选）""","{draft.upstreamProductId || """"}","management/{bins,channels} + portal/bin-products","本地产品配置；上游目录只读核验"
"src/bins/BinManagementPage.tsx","459","input/filter","""内部备注""","{draft.internalNote || """"}","management/{bins,channels} + portal/bin-products","本地产品配置；上游目录只读核验"
"src/bins/BinManagementPage.tsx","474","input/filter","""产品状态""","{draft.status}","management/{bins,channels} + portal/bin-products","本地产品配置；上游目录只读核验"
"src/bins/BinManagementPage.tsx","492","input/filter","""本地演示开卡数量上限""","{draft.maxCards}","management/{bins,channels} + portal/bin-products","本地产品配置；上游目录只读核验"
"src/bins/CardOpeningPage.tsx","99","input/filter","""搜索产品或BIN""","{keyword}","management/{bins,channels} + portal/bin-products","本地产品配置；上游目录只读核验"
"src/bins/CardOpeningPage.tsx","155","display","{ p.openingBlockedReason ? p.openingBlockedReason : p.status === ""paused"" ? ""暂停开卡"" : !p.remaining ? ""名额已满"" : p.network }","","management/{bins,channels} + portal/bin-products","本地产品配置；上游目录只读核验"
"src/bins/CardOpeningPage.tsx","263","input/filter","""卡片名称""","""name""","management/{bins,channels} + portal/bin-products","本地产品配置；上游目录只读核验"
"src/bins/ChannelManagement.tsx","120","input/filter","""搜索渠道、实体或账户""","{keyword}","management/{bins,channels} + portal/bin-products","本地产品配置；上游目录只读核验"
"src/bins/ChannelManagement.tsx","186","display","{c.status === ""active"" ? ""本地启用"" : ""暂停开卡""}","","management/{bins,channels} + portal/bin-products","本地产品配置；上游目录只读核验"
"src/bins/ChannelManagement.tsx","343","input/filter","""渠道名称""","{draft.name}","management/{bins,channels} + portal/bin-products","本地产品配置；上游目录只读核验"
"src/bins/ChannelManagement.tsx","351","input/filter","""平台""","""Slash""","management/{bins,channels} + portal/bin-products","本地产品配置；上游目录只读核验"
"src/bins/ChannelManagement.tsx","352","input/filter","""本地开卡状态""","{draft.status}","management/{bins,channels} + portal/bin-products","本地产品配置；上游目录只读核验"
"src/bins/ChannelManagement.tsx","364","input/filter","""所属实体参考 ID""","{draft.entityRef}","management/{bins,channels} + portal/bin-products","本地产品配置；上游目录只读核验"
"src/bins/ChannelManagement.tsx","374","input/filter","""账户参考 ID（可选）""","{draft.accountRef}","management/{bins,channels} + portal/bin-products","本地产品配置；上游目录只读核验"
"src/bins/ChannelManagement.tsx","384","input/filter","""内部备注""","{draft.notes}","management/{bins,channels} + portal/bin-products","本地产品配置；上游目录只读核验"
"src/bins/ChannelManagement.tsx","494","input/filter","""产品目录 JSON""","{json}","management/{bins,channels} + portal/bin-products","本地产品配置；上游目录只读核验"
"src/bins/ChannelManagement.tsx","600","input/filter","""搜索产品 ID 或 BIN""","{keyword}","management/{bins,channels} + portal/bin-products","本地产品配置；上游目录只读核验"
"src/bins/ChannelManagement.tsx","607","input/filter","""关联状态""","{params.get(""linked"") || """"}","management/{bins,channels} + portal/bin-products","本地产品配置；上游目录只读核验"
"src/bins/ChannelManagement.tsx","655","display","{ p.status === ""active"" ? ""active · 可配置"" : `${p.status} · 待确认` }","","management/{bins,channels} + portal/bin-products","本地产品配置；上游目录只读核验"
"src/bins/ChannelManagement.tsx","809","input/filter","""发卡渠道""","","management/{bins,channels} + portal/bin-products","本地产品配置；上游目录只读核验"
"src/bins/ChannelManagement.tsx","847","input/filter","""上游卡产品""","","management/{bins,channels} + portal/bin-products","本地产品配置；上游目录只读核验"
"src/card-admin/CardAdminPage.tsx","155","display","{labels[value] || `未知 · ${value}`}","","management/card-admin/{identity,cards,operations}","本地卡片管理沙盒"
"src/card-admin/CardAdminPage.tsx","307","input/filter","""测试操作身份""","{identity.data?.actor || ""demo-operator""}","management/card-admin/{identity,cards,operations}","本地卡片管理沙盒"
"src/card-admin/CardAdminPage.tsx","339","display","""卡片列表""","""cards""","management/card-admin/{identity,cards,operations}","本地卡片管理沙盒"
"src/card-admin/CardAdminPage.tsx","340","display","""操作审批""","""operations""","management/card-admin/{identity,cards,operations}","本地卡片管理沙盒"
"src/card-admin/CardAdminPage.tsx","369","table-column","F.cardName","""name"" | (v:string)=>v||'—'","management/card-admin/{identity,cards,operations}","本地卡片管理沙盒"
"src/card-admin/CardAdminPage.tsx","370","table-column","F.last4","""last4"" | (v:string)=>v?`•••• ${v}`:'—'","management/card-admin/{identity,cards,operations}","本地卡片管理沙盒"
"src/card-admin/CardAdminPage.tsx","371","table-column","""所属客户""","""owner_id"" | (v:string)=>v||'—'","management/card-admin/{identity,cards,operations}","本地卡片管理沙盒"
"src/card-admin/CardAdminPage.tsx","372","table-column","F.cardStatus","""status"" | (x) => <Status value={x.value} />","management/card-admin/{identity,cards,operations}","本地卡片管理沙盒"
"src/card-admin/CardAdminPage.tsx","378","table-column","""可用资金 · USD""","""balance"" | (_, r) => money(r.balance?.availableMinor)","management/card-admin/{identity,cards,operations}","本地卡片管理沙盒"
"src/card-admin/CardAdminPage.tsx","385","table-column","""执行能力""","""executionMode"" | ","management/card-admin/{identity,cards,operations}","本地卡片管理沙盒"
"src/card-admin/CardAdminPage.tsx","386","table-column","""最近操作原因""","""reason"" | ","management/card-admin/{identity,cards,operations}","本地卡片管理沙盒"
"src/card-admin/CardAdminPage.tsx","387","table-column","""操作""","""action"" | (x) => ( <Button component={Link} to={`/cards/${x.id}`}> 查看详情 </Button> )","management/card-admin/{identity,cards,operations}","本地卡片管理沙盒"
"src/card-admin/CardAdminPage.tsx","410","input/filter","""卡名、卡片 ID 或后四位""","{keyword}","management/card-admin/{identity,cards,operations}","本地卡片管理沙盒"
"src/card-admin/CardAdminPage.tsx","446","table-column","""操作单号""","""id"" | ","management/card-admin/{identity,cards,operations}","本地卡片管理沙盒"
"src/card-admin/CardAdminPage.tsx","447","table-column","""操作类型""","""kind"" | (_, r) => kinds[r.kind] || r.kind","management/card-admin/{identity,cards,operations}","本地卡片管理沙盒"
"src/card-admin/CardAdminPage.tsx","453","table-column","""操作金额""","""amount_minor"" | (_, r) => money(r.amount_minor)","management/card-admin/{identity,cards,operations}","本地卡片管理沙盒"
"src/card-admin/CardAdminPage.tsx","459","table-column","""审批状态""","""approval_status"" | (p) => <Status value={p.value} />","management/card-admin/{identity,cards,operations}","本地卡片管理沙盒"
"src/card-admin/CardAdminPage.tsx","465","table-column","""执行状态""","""execution_status"" | (p) => <Status value={p.value} />","management/card-admin/{identity,cards,operations}","本地卡片管理沙盒"
"src/card-admin/CardAdminPage.tsx","471","table-column","""发起人""","""requester"" | ","management/card-admin/{identity,cards,operations}","本地卡片管理沙盒"
"src/card-admin/CardAdminPage.tsx","472","table-column","""操作""","""action"" | (p) => ( <Button component={Link} to={`/card-operations/${p.id}`}> 查看详情 </Button> )","management/card-admin/{identity,cards,operations}","本地卡片管理沙盒"
"src/card-admin/CardAdminPage.tsx","504","input/filter","""审批状态""","{p.get(""status"") || """"}","management/card-admin/{identity,cards,operations}","本地卡片管理沙盒"
"src/card-admin/CardAdminPage.tsx","547","display","""卡片状态"""," <Status value={c.status} /> ","management/card-admin/{identity,cards,operations}","本地卡片管理沙盒"
"src/card-admin/CardAdminPage.tsx","550","display","""渠道确认状态"""," <Status value={c.provider_status} /> ","management/card-admin/{identity,cards,operations}","本地卡片管理沙盒"
"src/card-admin/CardAdminPage.tsx","553","display","""冻结类型"""," {[ c.risk_frozen ? ""后台风控"" : """", c.self_frozen ? ""客户端主动"" : """", ] .filter(Boolean) .join("" + "") || ""无内部冻结""} ","management/card-admin/{identity,cards,operations}","本地卡片管理沙盒"
"src/card-admin/CardAdminPage.tsx","561","display","""所属客户""","{c.owner_id}","management/card-admin/{identity,cards,operations}","本地卡片管理沙盒"
"src/card-admin/CardAdminPage.tsx","562","display","""最近原因""","{c.reason}","management/card-admin/{identity,cards,operations}","本地卡片管理沙盒"
"src/card-admin/CardAdminPage.tsx","563","display","""操作人 / 操作时间"""," {c.actor || ""—""} /  {time(c.operated_at)} ","management/card-admin/{identity,cards,operations}","本地卡片管理沙盒"
"src/card-admin/CardAdminPage.tsx","573","display","""已入账资金""","{money(c.balance?.postedMinor)}","management/card-admin/{identity,cards,operations}","本地卡片管理沙盒"
"src/card-admin/CardAdminPage.tsx","574","display","""处理中的资金预占""","{money(c.balance?.heldMinor)}","management/card-admin/{identity,cards,operations}","本地卡片管理沙盒"
"src/card-admin/CardAdminPage.tsx","575","display","""可扣 / 可转资金"""," {money(c.balance?.availableMinor)} ","management/card-admin/{identity,cards,operations}","本地卡片管理沙盒"
"src/card-admin/CardAdminPage.tsx","806","display","""操作原因""","{reason}","management/card-admin/{identity,cards,operations}","本地卡片管理沙盒"
"src/card-admin/CardAdminPage.tsx","809","display","""金额 / 费用"""," {money(quote.amountMinor)} /  {money(quote.feeMinor)} ","management/card-admin/{identity,cards,operations}","本地卡片管理沙盒"
"src/card-admin/CardAdminPage.tsx","812","display","""资金来源 → 去向"""," {quote.sourceAccount} →  {quote.targetAccount} ","management/card-admin/{identity,cards,operations}","本地卡片管理沙盒"
"src/card-admin/CardAdminPage.tsx","815","display","""来源可用余额 → 预计余额"""," {money(quote.sourceAvailableMinor)} → {"" ""}  {money(quote.sourceAfterMinor)} ","management/card-admin/{identity,cards,operations}","本地卡片管理沙盒"
"src/card-admin/CardAdminPage.tsx","819","display","""业务凭证""","{evidence}","management/card-admin/{identity,cards,operations}","本地卡片管理沙盒"
"src/card-admin/CardAdminPage.tsx","827","input/filter","""金额 · USD""","{amount}","management/card-admin/{identity,cards,operations}","本地卡片管理沙盒"
"src/card-admin/CardAdminPage.tsx","834","input/filter","{ kind === ""transfer_in"" ? ""来源客户资金账户"" : ""目标客户资金账户"" }","{account}","management/card-admin/{identity,cards,operations}","本地卡片管理沙盒"
"src/card-admin/CardAdminPage.tsx","857","input/filter","""业务凭证编号（请勿填写敏感卡信息）""","{evidence}","management/card-admin/{identity,cards,operations}","本地卡片管理沙盒"
"src/card-admin/CardAdminPage.tsx","865","input/filter","""操作原因""","{reason}","management/card-admin/{identity,cards,operations}","本地卡片管理沙盒"
"src/card-admin/CardAdminPage.tsx","940","display","""操作单号""","{o.id}","management/card-admin/{identity,cards,operations}","本地卡片管理沙盒"
"src/card-admin/CardAdminPage.tsx","941","display","""卡片"""," <Button component={Link} to={`/cards/${o.card_id}`}> {o.card_id} </Button> ","management/card-admin/{identity,cards,operations}","本地卡片管理沙盒"
"src/card-admin/CardAdminPage.tsx","946","display","""审批状态"""," <Status value={o.approval_status} /> ","management/card-admin/{identity,cards,operations}","本地卡片管理沙盒"
"src/card-admin/CardAdminPage.tsx","949","display","""执行状态"""," <Status value={o.execution_status} /> ","management/card-admin/{identity,cards,operations}","本地卡片管理沙盒"
"src/card-admin/CardAdminPage.tsx","952","display","""发起人 / 时间"""," {o.requester} /  {time(o.created_at)} ","management/card-admin/{identity,cards,operations}","本地卡片管理沙盒"
"src/card-admin/CardAdminPage.tsx","955","display","""原因""","{o.reason}","management/card-admin/{identity,cards,operations}","本地卡片管理沙盒"
"src/card-admin/CardAdminPage.tsx","956","display","""金额 / 费用"""," {money(o.amount_minor)} / {"" ""}  {o.amount_minor ? money(o.fee_minor) : ""不适用""} ","management/card-admin/{identity,cards,operations}","本地卡片管理沙盒"
"src/card-admin/CardAdminPage.tsx","960","display","""资金来源 → 去向"""," {o.source_account ? `${o.source_account} → ${o.target_account}` : ""不涉及资金""} ","management/card-admin/{identity,cards,operations}","本地卡片管理沙盒"
"src/card-admin/CardAdminPage.tsx","965","display","""业务凭证""","{o.evidence}","management/card-admin/{identity,cards,operations}","本地卡片管理沙盒"
"src/card-admin/CardAdminPage.tsx","966","display","""审批人 / 审批时间"""," {o.reviewer || ""—""} /  {time(o.reviewed_at)} ","management/card-admin/{identity,cards,operations}","本地卡片管理沙盒"
"src/card-admin/CardAdminPage.tsx","969","display","""审批意见""","{o.review_note}","management/card-admin/{identity,cards,operations}","本地卡片管理沙盒"
"src/card-admin/CardAdminPage.tsx","970","display","""执行人""","{o.executor}","management/card-admin/{identity,cards,operations}","本地卡片管理沙盒"
"src/card-admin/CardAdminPage.tsx","971","display","""执行凭据""","{s.data.job?.provider_ref || ""—""}","management/card-admin/{identity,cards,operations}","本地卡片管理沙盒"
"src/card-admin/CardAdminPage.tsx","995","input/filter","""审批意见（必填）""","{note}","management/card-admin/{identity,cards,operations}","本地卡片管理沙盒"
"src/components/AnalyticsPrimitives.tsx","60","display","{sample ? '当前加载样本' : '服务端汇总'}","","复用组件，由调用方传入","需结合调用方；不单独宣称 API 已验证"
"src/components/AnalyticsPrimitives.tsx","160","display","{scenario.metric}","","复用组件，由调用方传入","需结合调用方；不单独宣称 API 已验证"
"src/components/DashboardLayout.tsx","383","display","{livePage ? ""Slash 真实数据 / 本地只读"" : dataSourceLabel}","","复用组件，由调用方传入","需结合调用方；不单独宣称 API 已验证"
"src/components/DataTableCard.tsx","92","input/filter","""每页""","{pageSize}","复用组件，由调用方传入","需结合调用方；不单独宣称 API 已验证"
"src/components/DrilldownNavigation.tsx","39","display","{`${item.label}${item.count === undefined ? '' : ` ${item.count}`}`}","","复用组件，由调用方传入","需结合调用方；不单独宣称 API 已验证"
"src/components/StatusChip.tsx","16","display","{text}","","复用组件，由调用方传入","需结合调用方；不单独宣称 API 已验证"
"src/components/TransactionStatusChip.tsx","10","display","{display.label}","","复用组件，由调用方传入","需结合调用方；不单独宣称 API 已验证"
"src/finance/FinancePage.tsx","86","display","{label(value)}","","management/finance/{context,orders,flows,quotes,pricing,export}","本地资金沙盒"
"src/finance/FinancePage.tsx","242","input/filter","""隔离测试身份""","{ctx?.actor || ""demo-operator""}","management/finance/{context,orders,flows,quotes,pricing,export}","本地资金沙盒"
"src/finance/FinancePage.tsx","394","table-column","flows ? ""流水号"" : ""申请 / 订单号""","""id"" | ","management/finance/{context,orders,flows,quotes,pricing,export}","本地资金沙盒"
"src/finance/FinancePage.tsx","401","table-column","""客户""","""customer"" | ","management/finance/{context,orders,flows,quotes,pricing,export}","本地资金沙盒"
"src/finance/FinancePage.tsx","402","table-column","""业务类型""","""kind"" | (v) => label(v)","management/finance/{context,orders,flows,quotes,pricing,export}","本地资金沙盒"
"src/finance/FinancePage.tsx","409","table-column","""资产 / 网络""","""asset"" | (p) => ( <Typography variant=""body2""> {p.row.asset} / {p.row.network} </Typography> )","management/finance/{context,orders,flows,quotes,pricing,export}","本地资金沙盒"
"src/finance/FinancePage.tsx","420","table-column","flows ? ""收支金额"" : otc ? ""卖出总额"" : ""出金本金""","""amount_minor"" | (p) => ( <Box sx={{ fontVariantNumeric: ""tabular-nums"" }}> {money(p.value, p.row.asset)} </Box> )","management/finance/{context,orders,flows,quotes,pricing,export}","本地资金沙盒"
"src/finance/FinancePage.tsx","436","table-column","""方向""","""direction"" | (v) => (v === ""in"" ? ""收入"" : ""支出"")","management/finance/{context,orders,flows,quotes,pricing,export}","本地资金沙盒"
"src/finance/FinancePage.tsx","443","table-column","""订单费用（参考）""","""order_fee"" | (p) => money(p.row.order?.fee_minor, p.row.order?.asset || p.row.asset)","management/finance/{context,orders,flows,quotes,pricing,export}","本地资金沙盒"
"src/finance/FinancePage.tsx","453","table-column","""业务状态""","""business_state"" | (p) => ( <Status value={p.row.order?.execution || ""unknown""} /> )","management/finance/{context,orders,flows,quotes,pricing,export}","本地资金沙盒"
"src/finance/FinancePage.tsx","462","table-column","""关联订单""","""order_id"" | ","management/finance/{context,orders,flows,quotes,pricing,export}","本地资金沙盒"
"src/finance/FinancePage.tsx","468","table-column","""账务状态""","""posting"" | () => <Status value=""posted"" />","management/finance/{context,orders,flows,quotes,pricing,export}","本地资金沙盒"
"src/finance/FinancePage.tsx","478","table-column","""获得资产""","""buy"" | (p) => money(p.row.quote?.buyMinor, p.row.quote?.buyAsset || ""USDT"")","management/finance/{context,orders,flows,quotes,pricing,export}","本地资金沙盒"
"src/finance/FinancePage.tsx","488","table-column","""含费""","""fee_minor"" | (p) => money(p.value, p.row.asset)","management/finance/{context,orders,flows,quotes,pricing,export}","本地资金沙盒"
"src/finance/FinancePage.tsx","497","table-column","""订单状态""","""state"" | (p) => <Status value={p.value} />","management/finance/{context,orders,flows,quotes,pricing,export}","本地资金沙盒"
"src/finance/FinancePage.tsx","506","table-column","""手续费""","""fee_minor"" | (p) => money(p.value, p.row.asset)","management/finance/{context,orders,flows,quotes,pricing,export}","本地资金沙盒"
"src/finance/FinancePage.tsx","515","table-column","""审批""","""approval"" | (p) => <Status value={p.value} />","management/finance/{context,orders,flows,quotes,pricing,export}","本地资金沙盒"
"src/finance/FinancePage.tsx","522","table-column","""执行""","""execution"" | (p) => <Status value={p.value} />","management/finance/{context,orders,flows,quotes,pricing,export}","本地资金沙盒"
"src/finance/FinancePage.tsx","529","table-column","""风险""","""risk"" | (p) => <Status value={p.value} />","management/finance/{context,orders,flows,quotes,pricing,export}","本地资金沙盒"
"src/finance/FinancePage.tsx","536","table-column","""收款地址""","""address"" | (p) => <CopyValue value={p.value} />","management/finance/{context,orders,flows,quotes,pricing,export}","本地资金沙盒"
"src/finance/FinancePage.tsx","547","table-column","""申请 / 入账时间""","""created_at"" | (v: string) => date(v)","management/finance/{context,orders,flows,quotes,pricing,export}","本地资金沙盒"
"src/finance/FinancePage.tsx","553","table-column","""操作""","""actions"" | (p: { row: Movement | Order }) => ( <Button size=""small"" onClick={() => void open(p.row)}> 查看详情 </Button> )","management/finance/{context,orders,flows,quotes,pricing,export}","本地资金沙盒"
"src/finance/FinancePage.tsx","566","input/filter","{caption}","{draft[key] || """"}","management/finance/{context,orders,flows,quotes,pricing,export}","本地资金沙盒"
"src/finance/FinancePage.tsx","597","display","""全部""","""""","management/finance/{context,orders,flows,quotes,pricing,export}","本地资金沙盒"
"src/finance/FinancePage.tsx","606","display","{`${t} ${ctx.counts[v] || 0}`}","{v}","management/finance/{context,orders,flows,quotes,pricing,export}","本地资金沙盒"
"src/finance/FinancePage.tsx","639","input/filter","{ k === ""from"" ? ""开始时间（本地时区）"" : ""结束时间（不含）"" }","{ draft[k] ? new Date( Date.parse(draft[k]) - new Date().getTimezoneOffset() * 60000, ) .toISOString() .slice(0, 16) : """" }","management/finance/{context,orders,flows,quotes,pricing,export}","本地资金沙盒"
"src/finance/FinancePage.tsx","924","display","""关联订单""","{drawer.order.id}","management/finance/{context,orders,flows,quotes,pricing,export}","本地资金沙盒"
"src/finance/FinancePage.tsx","925","display","""业务 / 状态"""," {label(drawer.order.kind)} ·  {label(drawer.order.accounting)} ","management/finance/{context,orders,flows,quotes,pricing,export}","本地资金沙盒"
"src/finance/FinancePage.tsx","1043","input/filter","""1 USDT 对应 USD""","{value}","management/finance/{context,orders,flows,quotes,pricing,export}","本地资金沙盒"
"src/finance/FinancePage.tsx","1051","input/filter","""调价原因""","{reason}","management/finance/{context,orders,flows,quotes,pricing,export}","本地资金沙盒"
"src/finance/FinancePage.tsx","1283","input/filter","""客户""","{customer}","management/finance/{context,orders,flows,quotes,pricing,export}","本地资金沙盒"
"src/finance/FinancePage.tsx","1300","input/filter","{otc ? ""卖出资产"" : ""币种 / 网络""}","{asset}","management/finance/{context,orders,flows,quotes,pricing,export}","本地资金沙盒"
"src/finance/FinancePage.tsx","1317","input/filter","{ otc ? ""卖出总额（含手续费）"" : ""出金本金（预计到账金额）"" }","{value}","management/finance/{context,orders,flows,quotes,pricing,export}","本地资金沙盒"
"src/finance/FinancePage.tsx","1332","input/filter","""完整收款地址""","{address}","management/finance/{context,orders,flows,quotes,pricing,export}","本地资金沙盒"
"src/finance/FinancePage.tsx","1340","input/filter","""地址标签 / Memo（选填）""","{memo}","management/finance/{context,orders,flows,quotes,pricing,export}","本地资金沙盒"
"src/finance/FinancePage.tsx","1346","input/filter","""业务凭证引用（选填）""","{evidence}","management/finance/{context,orders,flows,quotes,pricing,export}","本地资金沙盒"
"src/finance/FinancePage.tsx","1355","input/filter","{otc ? ""兑换用途"" : ""申请 / 修改原因""}","{reason}","management/finance/{context,orders,flows,quotes,pricing,export}","本地资金沙盒"
"src/finance/FinancePage.tsx","1423","display","""资金来源"""," {customer} /  {asset} 内部隔离钱包 ","management/finance/{context,orders,flows,quotes,pricing,export}","本地资金沙盒"
"src/finance/FinancePage.tsx","1426","display","""资金去向"""," {otc ? `${customer} / ${asset === ""USDT"" ? ""USD"" : ""USDT""} 内部钱包` : ""合成 TRON 收款地址""} ","management/finance/{context,orders,flows,quotes,pricing,export}","本地资金沙盒"
"src/finance/FinancePage.tsx","1431","display","{otc ? ""确认成交后预计可用余额"" : ""提交后预计可用余额""}"," {estimated} ","management/finance/{context,orders,flows,quotes,pricing,export}","本地资金沙盒"
"src/finance/FinancePage.tsx","1438","display","""额外手续费"""," {money(ctx.withdrawalPolicy?.feeMinor, ""USDT"")} · 现有演示策略 ","management/finance/{context,orders,flows,quotes,pricing,export}","本地资金沙盒"
"src/finance/FinancePage.tsx","1476","display","""客户""","{customer}","management/finance/{context,orders,flows,quotes,pricing,export}","本地资金沙盒"
"src/finance/FinancePage.tsx","1477","display","{otc ? ""卖出总额"" : ""本金 / 预计到账""}"," {money(principal, asset)} ","management/finance/{context,orders,flows,quotes,pricing,export}","本地资金沙盒"
"src/finance/FinancePage.tsx","1482","display","""额外费用"""," {money(ctx.withdrawalPolicy?.feeMinor, ""USDT"")} ","management/finance/{context,orders,flows,quotes,pricing,export}","本地资金沙盒"
"src/finance/FinancePage.tsx","1485","display","""完整收款地址"""," <CopyValue value={address} /> ","management/finance/{context,orders,flows,quotes,pricing,export}","本地资金沙盒"
"src/finance/FinancePage.tsx","1488","display","""网络 / Memo""","TRON /  {memo || ""—""}","management/finance/{context,orders,flows,quotes,pricing,export}","本地资金沙盒"
"src/finance/FinancePage.tsx","1684","display","""客户 / 业务"""," {o.customer} /  {label(o.kind)} ","management/finance/{context,orders,flows,quotes,pricing,export}","本地资金沙盒"
"src/finance/FinancePage.tsx","1689","display","""资产 / 网络"""," {o.asset} /  {o.network} ","management/finance/{context,orders,flows,quotes,pricing,export}","本地资金沙盒"
"src/finance/FinancePage.tsx","1694","display","{otc ? ""卖出总额（含费）"" : ""出金 / 业务金额""}"," {money(o.amount_minor, o.asset)} ","management/finance/{context,orders,flows,quotes,pricing,export}","本地资金沙盒"
"src/finance/FinancePage.tsx","1699","display","{otc ? ""获得资产"" : ""额外手续费""}"," {otc ? money(o.quote?.buyMinor, o.quote?.buyAsset || ""USD"") : money(o.fee_minor, o.asset)} ","management/finance/{context,orders,flows,quotes,pricing,export}","本地资金沙盒"
"src/finance/FinancePage.tsx","1706","display","""经办人""","{o.requester}","management/finance/{context,orders,flows,quotes,pricing,export}","本地资金沙盒"
"src/finance/FinancePage.tsx","1709","display","""申请时间""","{date(o.created_at)}","management/finance/{context,orders,flows,quotes,pricing,export}","本地资金沙盒"
"src/finance/FinancePage.tsx","1712","display","""用途 / 原因""","{o.reason}","management/finance/{context,orders,flows,quotes,pricing,export}","本地资金沙盒"
"src/finance/FinancePage.tsx","1734","display","""来源钱包""","{o.source}","management/finance/{context,orders,flows,quotes,pricing,export}","本地资金沙盒"
"src/finance/FinancePage.tsx","1737","display","""目标钱包 / 通道清算账户""","{o.target}","management/finance/{context,orders,flows,quotes,pricing,export}","本地资金沙盒"
"src/finance/FinancePage.tsx","1742","display","""当前已入账余额"""," {money(data.wallet.postedMinor, data.wallet.asset)} ","management/finance/{context,orders,flows,quotes,pricing,export}","本地资金沙盒"
"src/finance/FinancePage.tsx","1747","display","""当前冻结（该钱包全部申请）"""," {money(data.wallet.heldMinor, data.wallet.asset)} ","management/finance/{context,orders,flows,quotes,pricing,export}","本地资金沙盒"
"src/finance/FinancePage.tsx","1752","display","""当前可用余额"""," {money(data.wallet.availableMinor, data.wallet.asset)} ","management/finance/{context,orders,flows,quotes,pricing,export}","本地资金沙盒"
"src/finance/FinancePage.tsx","1761","display","""完整收款地址"""," <CopyValue value={o.address} /> ","management/finance/{context,orders,flows,quotes,pricing,export}","本地资金沙盒"
"src/finance/FinancePage.tsx","1766","display","""Memo / 标签""","{o.memo}","management/finance/{context,orders,flows,quotes,pricing,export}","本地资金沙盒"
"src/finance/FinancePage.tsx","1769","display","""预计到账金额（本金，不扣费用）"""," {money(o.amount_minor, o.asset)} ","management/finance/{context,orders,flows,quotes,pricing,export}","本地资金沙盒"
"src/finance/FinancePage.tsx","1774","display","""已确认交割"""," {money(o.deliveredMinor, o.asset)} ","management/finance/{context,orders,flows,quotes,pricing,export}","本地资金沙盒"
"src/finance/FinancePage.tsx","1779","display","""剩余未交割"""," {money(o.remainingMinor, o.asset)} ","management/finance/{context,orders,flows,quotes,pricing,export}","本地资金沙盒"
"src/finance/FinancePage.tsx","1784","display","""已入账费用"""," {money(o.feePostedMinor, o.asset)} ","management/finance/{context,orders,flows,quotes,pricing,export}","本地资金沙盒"
"src/finance/FinancePage.tsx","1789","display","""链上状态 / 确认数"""," {label(o.chain)} /  {o.confirmations ?? ""—""} ","management/finance/{context,orders,flows,quotes,pricing,export}","本地资金沙盒"
"src/finance/FinancePage.tsx","1794","display","""交易哈希"""," <CopyValue value={o.txHash} hash /> ","management/finance/{context,orders,flows,quotes,pricing,export}","本地资金沙盒"
"src/finance/FinancePage.tsx","1803","display","""收款状态""","{label(o.receiptState)}","management/finance/{context,orders,flows,quotes,pricing,export}","本地资金沙盒"
"src/finance/FinancePage.tsx","1806","display","""付款状态""","{label(o.paymentState)}","management/finance/{context,orders,flows,quotes,pricing,export}","本地资金沙盒"
"src/finance/FinancePage.tsx","1809","display","""交易对手""","{o.counterparty}","management/finance/{context,orders,flows,quotes,pricing,export}","本地资金沙盒"
"src/finance/FinancePage.tsx","1814","display","""通道提交单号（查询用，不重复发送）"""," <CopyValue value={data.job?.submission_key || o.channelReference} /> ","management/finance/{context,orders,flows,quotes,pricing,export}","本地资金沙盒"
"src/finance/FinancePage.tsx","1860","display","""凭证引用"""," {o.evidence || ""未提供；文件上传尚未接入""} ","management/finance/{context,orders,flows,quotes,pricing,export}","本地资金沙盒"
"src/finance/FinancePage.tsx","1956","display","""风险检查"""," <Status value={o.risk} /> ","management/finance/{context,orders,flows,quotes,pricing,export}","本地资金沙盒"
"src/finance/FinancePage.tsx","1963","display","{`${label(n)}节点`}"," {data.reviews.some( (r) => r.node === n && r.revision === o.revision && r.decision === ""approve"", ) ? ""已批准"" : ""尚未批准""} ","management/finance/{context,orders,flows,quotes,pricing,export}","本地资金沙盒"
"src/finance/FinancePage.tsx","1983","input/filter","""审批 / 处理意见""","{note}","management/finance/{context,orders,flows,quotes,pricing,export}","本地资金沙盒"
"src/finance/FinancePage.tsx","2071","input/filter","""取消原因""","{note}","management/finance/{context,orders,flows,quotes,pricing,export}","本地资金沙盒"
"src/finance/FinancePage.tsx","2126","display","""订单""","{o.id}","management/finance/{context,orders,flows,quotes,pricing,export}","本地资金沙盒"
"src/finance/FinancePage.tsx","2127","display","""金额 / 费用"""," {money(o.amount_minor, o.asset)} /  {money(o.fee_minor, o.asset)} ","management/finance/{context,orders,flows,quotes,pricing,export}","本地资金沙盒"
"src/finance/FinancePage.tsx","2132","display","""完整收款地址"""," <CopyValue value={o.address} /> ","management/finance/{context,orders,flows,quotes,pricing,export}","本地资金沙盒"
"src/finance/FinancePage.tsx","2135","display","""网络 / Memo"""," {o.network} /  {o.memo || ""—""} ","management/finance/{context,orders,flows,quotes,pricing,export}","本地资金沙盒"
"src/finance/FinancePage.tsx","2140","display","""意见""","{note || ""—""}","management/finance/{context,orders,flows,quotes,pricing,export}","本地资金沙盒"
"src/fx/FxPage.tsx","242","display","""Demo / 模拟数据""","","management/fx/{meta,transactions,report,balances,differences,export,cards}","本地跨币种 Demo"
"src/fx/FxPage.tsx","258","display","{label}","{key}","management/fx/{meta,transactions,report,balances,differences,export,cards}","本地跨币种 Demo"
"src/fx/FxPage.tsx","312","input/filter","{label}","{draft[key] || """"}","management/fx/{meta,transactions,report,balances,differences,export,cards}","本地跨币种 Demo"
"src/fx/FxPage.tsx","522","table-column","F.merchant","""description"" | (r) => ( <Stack justifyContent=""center"" sx={{ height: ""100%"" }}> <Typography variant=""body2""> {r.row.source.description || ""—""} · {category[r.row.category]} </Typography> <Typography variant=""caption"" color=""text.secondary""> {r.row.id} </Typography> </Stack> )","management/fx/{meta,transactions,report,balances,differences,export,cards}","本地跨币种 Demo"
"src/fx/FxPage.tsx","539","table-column","F.cardId","""cardId"" | (_,r)=>r.source.cardId||null","management/fx/{meta,transactions,report,balances,differences,export,cards}","本地跨币种 Demo"
"src/fx/FxPage.tsx","540","table-column","F.original","""original"" | (r) => formatMoney(r.row.originalAmount)","management/fx/{meta,transactions,report,balances,differences,export,cards}","本地跨币种 Demo"
"src/fx/FxPage.tsx","548","table-column","F.amount","""amount"" | (r) => formatMoney(r.row.accountAmount)","management/fx/{meta,transactions,report,balances,differences,export,cards}","本地跨币种 Demo"
"src/fx/FxPage.tsx","555","table-column","""状态""","""status"" | r=><TransactionStatusChip status={r.row.status} detailedStatus={r.row.detailedStatus}/>","management/fx/{meta,transactions,report,balances,differences,export,cards}","本地跨币种 Demo"
"src/fx/FxPage.tsx","556","table-column","F.authorizedAt","""authorizedAt"" | (r) => time(r.row.authorizedAt)","management/fx/{meta,transactions,report,balances,differences,export,cards}","本地跨币种 Demo"
"src/fx/FxPage.tsx","562","table-column","F.postedAt","""postedAt"" | (r) => time(r.row.postedAt)","management/fx/{meta,transactions,report,balances,differences,export,cards}","本地跨币种 Demo"
"src/fx/FxPage.tsx","568","table-column","F.sourceDate","""sourceDate"" | (r) => time(r.row.sourceDate)","management/fx/{meta,transactions,report,balances,differences,export,cards}","本地跨币种 Demo"
"src/fx/FxPage.tsx","574","table-column","F.category","""category"" | (r) => category[r.row.category] || r.row.category","management/fx/{meta,transactions,report,balances,differences,export,cards}","本地跨币种 Demo"
"src/fx/FxPage.tsx","581","table-column","""平台""","""platform"" | ","management/fx/{meta,transactions,report,balances,differences,export,cards}","本地跨币种 Demo"
"src/fx/FxPage.tsx","582","table-column","""场景""","""scenario"" | ","management/fx/{meta,transactions,report,balances,differences,export,cards}","本地跨币种 Demo"
"src/fx/FxPage.tsx","583","table-column","""平台汇率""","""providerRate"" | ","management/fx/{meta,transactions,report,balances,differences,export,cards}","本地跨币种 Demo"
"src/fx/FxPage.tsx","589","table-column","""匹配状态""","""matching"" | (r) => (r.row.issues.length ? ""待确认"" : ""Demo 显式关联"")","management/fx/{meta,transactions,report,balances,differences,export,cards}","本地跨币种 Demo"
"src/fx/FxPage.tsx","596","table-column","F.action","""action"" | (r) => ( <Button component={Link} to={href(r.row.id, r.row.sourceKind)} size=""small"" > 查看详情 </Button> )","management/fx/{meta,transactions,report,balances,differences,export,cards}","本地跨币种 Demo"
"src/fx/FxPage.tsx","760","display","""原币金额"""," <Typography variant=""h5""> {formatMoney(r.originalAmount)} </Typography> ","management/fx/{meta,transactions,report,balances,differences,export,cards}","本地跨币种 Demo"
"src/fx/FxPage.tsx","765","display","{ r.status === ""posted"" ? ""实际账户入账金额"" : ""当前账户金额 · 非最终入账"" }"," <Typography variant=""h5"" color=""primary""> {formatMoney(r.accountAmount)} </Typography> ","management/fx/{meta,transactions,report,balances,differences,export,cards}","本地跨币种 Demo"
"src/fx/FxPage.tsx","776","display","""平台汇率 · 原币 → 账户"""," {r.providerRate ? `1 ${r.originalCurrency} = ${r.providerRate} ${r.accountAmount?.currency}` : ""— 来源未提供""} ","management/fx/{meta,transactions,report,balances,differences,export,cards}","本地跨币种 Demo"
"src/fx/FxPage.tsx","781","display","""派生展示比值 · 非平台汇率"""," {r.displayRatio ? `1 ${r.originalCurrency} = ${r.displayRatio} ${r.accountAmount?.currency}` : ""—""}  <Typography variant=""caption"" display=""block"" color=""text.secondary"" > {r.ratioBasis} </Typography> ","management/fx/{meta,transactions,report,balances,differences,export,cards}","本地跨币种 Demo"
"src/fx/FxPage.tsx","797","display","""已采集的授权金额"""," {formatMoney(d.authorizationAmount)}  {!d.authorizationAmount && "" · 未知，未采集到授权金额""} ","management/fx/{meta,transactions,report,balances,differences,export,cards}","本地跨币种 Demo"
"src/fx/FxPage.tsx","801","display","""授权时间 · UTC""","{time(r.authorizedAt)}","management/fx/{meta,transactions,report,balances,differences,export,cards}","本地跨币种 Demo"
"src/fx/FxPage.tsx","802","display","""入账时间 · UTC""","{time(r.postedAt)}","management/fx/{meta,transactions,report,balances,differences,export,cards}","本地跨币种 Demo"
"src/fx/FxPage.tsx","803","display","{`Slash date · ${r.dateMeaning}`}"," {time(r.sourceDate)} ","management/fx/{meta,transactions,report,balances,differences,export,cards}","本地跨币种 Demo"
"src/fx/FxPage.tsx","843","display","""外汇费说明"""," {valueMoney(d.fees.fx ?? undefined)} · {"" ""}  {treatments[d.fees.treatment]} ","management/fx/{meta,transactions,report,balances,differences,export,cards}","本地跨币种 Demo"
"src/fx/FxPage.tsx","847","display","""返现说明 · 不代表已到账"""," {valueMoney(d.fees.cashback ?? undefined)} ","management/fx/{meta,transactions,report,balances,differences,export,cards}","本地跨币种 Demo"
"src/fx/FxPage.tsx","850","display","""累计实际入账退款"""," {formatMoney(d.net.refund)} ","management/fx/{meta,transactions,report,balances,differences,export,cards}","本地跨币种 Demo"
"src/fx/FxPage.tsx","853","display","""已知原币净消费"""," {formatMoney(d.net.original)} ","management/fx/{meta,transactions,report,balances,differences,export,cards}","本地跨币种 Demo"
"src/fx/FxPage.tsx","856","display","""已知账户净支出"""," <Typography variant=""h5"" color=""primary""> {formatMoney(d.net.account)} </Typography> ","management/fx/{meta,transactions,report,balances,differences,export,cards}","本地跨币种 Demo"
"src/fx/FxPage.tsx","905","display","""商户描述""","{s.merchantData?.description}","management/fx/{meta,transactions,report,balances,differences,export,cards}","本地跨币种 Demo"
"src/fx/FxPage.tsx","906","display","""MCC""","{s.merchantData?.categoryCode}","management/fx/{meta,transactions,report,balances,differences,export,cards}","本地跨币种 Demo"
"src/fx/FxPage.tsx","907","display","""商户地区"""," {s.merchantData?.location ? Object.values(s.merchantData.location).join("" / "") : ""—""} ","management/fx/{meta,transactions,report,balances,differences,export,cards}","本地跨币种 Demo"
"src/fx/FxPage.tsx","912","display","""备注""","{s.memo}","management/fx/{meta,transactions,report,balances,differences,export,cards}","本地跨币种 Demo"
"src/fx/FxPage.tsx","913","display","""拒绝 / 通过原因"""," {s.declineReason || s.approvalReason} ","management/fx/{meta,transactions,report,balances,differences,export,cards}","本地跨币种 Demo"
"src/fx/FxPage.tsx","916","display","""平台 / 连接"""," {r.platform} /  {r.connectionId} ","management/fx/{meta,transactions,report,balances,differences,export,cards}","本地跨币种 Demo"
"src/fx/FxPage.tsx","919","display","""所属实体""","{r.entityId}","management/fx/{meta,transactions,report,balances,differences,export,cards}","本地跨币种 Demo"
"src/fx/FxPage.tsx","920","display","""账户 / 子类型"""," {s.accountId} /  {s.accountSubtype} ","management/fx/{meta,transactions,report,balances,differences,export,cards}","本地跨币种 Demo"
"src/fx/FxPage.tsx","923","display","""虚拟账户""","{s.virtualAccountId}","management/fx/{meta,transactions,report,balances,differences,export,cards}","本地跨币种 Demo"
"src/fx/FxPage.tsx","924","display","""订单号 · 非全局唯一""","{s.orderId}","management/fx/{meta,transactions,report,balances,differences,export,cards}","本地跨币种 Demo"
"src/fx/FxPage.tsx","925","display","""referenceNumber""","{s.referenceNumber}","management/fx/{meta,transactions,report,balances,differences,export,cards}","本地跨币种 Demo"
"src/fx/FxPage.tsx","926","display","""providerAuthorizationId"""," {s.providerAuthorizationId} ","management/fx/{meta,transactions,report,balances,differences,export,cards}","本地跨币种 Demo"
"src/fx/FxPage.tsx","933","display","""最近采集时间 UTC""","{time(r.collectedAt)}","management/fx/{meta,transactions,report,balances,differences,export,cards}","本地跨币种 Demo"
"src/fx/FxPage.tsx","934","display","""同步状态"""," {r.syncState === ""current"" ? ""本次采集已更新"" : ""待补同步""} ","management/fx/{meta,transactions,report,balances,differences,export,cards}","本地跨币种 Demo"
"src/fx/FxPage.tsx","937","display","""场景与匹配状态"""," {r.scenario} · {"" ""}  {r.matching === ""unmatched"" ? ""未匹配"" : ""Demo 显式关系""} ","management/fx/{meta,transactions,report,balances,differences,export,cards}","本地跨币种 Demo"
"src/fx/FxPage.tsx","1139","display","""卡片 ID""","{id}","management/fx/{meta,transactions,report,balances,differences,export,cards}","本地跨币种 Demo"
"src/fx/FxPage.tsx","1140","display","""状态"""," {state.data.card.status === ""active"" ? ""使用中"" : state.data.card.status} ","management/fx/{meta,transactions,report,balances,differences,export,cards}","本地跨币种 Demo"
"src/fx/FxPage.tsx","1145","display","""所属账户""","{state.data.card.accountId}","management/fx/{meta,transactions,report,balances,differences,export,cards}","本地跨币种 Demo"
"src/fx/FxPage.tsx","1146","display","""有效期 / 限额""","— 未采集","management/fx/{meta,transactions,report,balances,differences,export,cards}","本地跨币种 Demo"
"src/fx/FxPage.tsx","1185","display","""原币净消费"""," {valueMoney(o.net, o.currency, o.scale)} ","management/fx/{meta,transactions,report,balances,differences,export,cards}","本地跨币种 Demo"
"src/fx/FxPage.tsx","1188","display","""实际账户净支出"""," {valueMoney(a.net, a.currency, a.scale)} ","management/fx/{meta,transactions,report,balances,differences,export,cards}","本地跨币种 Demo"
"src/fx/FxPage.tsx","1191","display","""数据范围""","独立跨币种 Demo · UTC","management/fx/{meta,transactions,report,balances,differences,export,cards}","本地跨币种 Demo"
"src/management/ManagementPage.tsx","58","display","{labels[status] || `未知状态 · ${status}`}","","management/{session,catalog,users,groups,fees/preview,reset/complete}","本地用户与费率配置"
"src/management/ManagementPage.tsx","254","table-column","resource === ""users"" ? ""用户"" : ""费率方案""","""name"" | ","management/{session,catalog,users,groups,fees/preview,reset/complete}","本地用户与费率配置"
"src/management/ManagementPage.tsx","260","table-column","resource === ""users"" ? ""邮箱"" : ""说明""","resource === ""users"" ? ""email"" : ""description"" | ","management/{session,catalog,users,groups,fees/preview,reset/complete}","本地用户与费率配置"
"src/management/ManagementPage.tsx","267","table-column","""费率方案""","""groupName"" | ","management/{session,catalog,users,groups,fees/preview,reset/complete}","本地用户与费率配置"
"src/management/ManagementPage.tsx","268","table-column","""客户数""","""memberCount"" | ","management/{session,catalog,users,groups,fees/preview,reset/complete}","本地用户与费率配置"
"src/management/ManagementPage.tsx","269","table-column","""状态""","""status"" | (p) => <Status status={p.value} />","management/{session,catalog,users,groups,fees/preview,reset/complete}","本地用户与费率配置"
"src/management/ManagementPage.tsx","275","table-column","""创建时间""","""created_at"" | ","management/{session,catalog,users,groups,fees/preview,reset/complete}","本地用户与费率配置"
"src/management/ManagementPage.tsx","276","table-column","""操作""","""action"" | (p) => ( <Button component={Link} to={managementDetailPath(resource, String(p.id))}> 详情 </Button> )","management/{session,catalog,users,groups,fees/preview,reset/complete}","本地用户与费率配置"
"src/management/ManagementPage.tsx","298","input/filter","{ resource === ""users"" ? ""搜索姓名、邮箱或用户编号"" : ""搜索费率方案"" }","{keyword}","management/{session,catalog,users,groups,fees/preview,reset/complete}","本地用户与费率配置"
"src/management/ManagementPage.tsx","308","input/filter","""状态""","{query.status}","management/{session,catalog,users,groups,fees/preview,reset/complete}","本地用户与费率配置"
"src/management/ManagementPage.tsx","394","input/filter","""费率方案名称""","""name""","management/{session,catalog,users,groups,fees/preview,reset/complete}","本地用户与费率配置"
"src/management/ManagementPage.tsx","400","input/filter","""说明""","""description""","management/{session,catalog,users,groups,fees/preview,reset/complete}","本地用户与费率配置"
"src/management/ManagementPage.tsx","465","input/filter","""用户 / 企业名称""","""name""","management/{session,catalog,users,groups,fees/preview,reset/complete}","本地用户与费率配置"
"src/management/ManagementPage.tsx","471","input/filter","""登录邮箱""","""email""","management/{session,catalog,users,groups,fees/preview,reset/complete}","本地用户与费率配置"
"src/management/ManagementPage.tsx","478","input/filter","""费率方案""","""""","management/{session,catalog,users,groups,fees/preview,reset/complete}","本地用户与费率配置"
"src/management/ManagementPage.tsx","599","display","{isUser ? ""用户资料与开户"" : ""方案资料""}","""overview""","management/{session,catalog,users,groups,fees/preview,reset/complete}","本地用户与费率配置"
"src/management/ManagementPage.tsx","600","display","{isUser ? ""用户专属费率"" : ""方案默认费率""}","""fees""","management/{session,catalog,users,groups,fees/preview,reset/complete}","本地用户与费率配置"
"src/management/ManagementPage.tsx","601","display","""操作记录""","""audit""","management/{session,catalog,users,groups,fees/preview,reset/complete}","本地用户与费率配置"
"src/management/ManagementPage.tsx","747","input/filter","""本地重置链接""","{ reset ? `${window.location.origin}/demo-reset-password#${reset.token}` : """" }","management/{session,catalog,users,groups,fees/preview,reset/complete}","本地用户与费率配置"
"src/management/ManagementPage.tsx","862","input/filter","""名称""","{data.name}","management/{session,catalog,users,groups,fees/preview,reset/complete}","本地用户与费率配置"
"src/management/ManagementPage.tsx","870","input/filter","""费率方案""","{data.group_id || """"}","management/{session,catalog,users,groups,fees/preview,reset/complete}","本地用户与费率配置"
"src/management/ManagementPage.tsx","888","input/filter","""说明""","{data.description || """"}","management/{session,catalog,users,groups,fees/preview,reset/complete}","本地用户与费率配置"
"src/management/ManagementPage.tsx","908","input/filter","{ operation === ""approve"" || operation === ""reject"" ? ""审核意见"" : ""操作原因"" }","""reason""","management/{session,catalog,users,groups,fees/preview,reset/complete}","本地用户与费率配置"
"src/management/ManagementPage.tsx","1075","input/filter","""业务类型""","{kind}","management/{session,catalog,users,groups,fees/preview,reset/complete}","本地用户与费率配置"
"src/management/ManagementPage.tsx","1092","input/filter","{`业务金额 · ${fees.find((f) => f.kind === kind)?.currency}`}","{amount}","management/{session,catalog,users,groups,fees/preview,reset/complete}","本地用户与费率配置"
"src/management/ResetPasswordPage.tsx","64","input/filter","""新密码""","""password""","management/{session,catalog,users,groups,fees/preview,reset/complete}","本地用户与费率配置"
"src/management/ResetPasswordPage.tsx","73","input/filter","""再次输入新密码""","""confirm""","management/{session,catalog,users,groups,fees/preview,reset/complete}","本地用户与费率配置"
"src/pages/AccountRiskGroupPage.tsx","104","table-column","'账户'","'account' | (_, row) => String(pickValue(asRecord(row.base), ['email', 'nickname', 'userId']))","旧 /admin-api/*（见 api/queries.ts 与页面调用）","8852 未启用的旧页面；未调用旧远程服务"
"src/pages/AccountRiskGroupPage.tsx","105","table-column","'层级'","'role' | (_, row) => String(row.role)","旧 /admin-api/*（见 api/queries.ts 与页面调用）","8852 未启用的旧页面；未调用旧远程服务"
"src/pages/AccountRiskGroupPage.tsx","106","table-column","'运营关注'","'level' | ({ row }) => <StatusChip value={(row.profile as OperationalRiskProfile).level} />","旧 /admin-api/*（见 api/queries.ts 与页面调用）","8852 未启用的旧页面；未调用旧远程服务"
"src/pages/AccountRiskGroupPage.tsx","107","table-column","'确认欠费/缺口'","'overdue' | (_, row) => formatAmount((row.profile as OperationalRiskProfile).overdueAmount)","旧 /admin-api/*（见 api/queries.ts 与页面调用）","8852 未启用的旧页面；未调用旧远程服务"
"src/pages/AccountRiskGroupPage.tsx","108","table-column","'拒绝率'","'decline' | (_, row) => formatPercent((row.profile as OperationalRiskProfile).failedCount, (row.profile as OperationalRiskProfile).attempts)","旧 /admin-api/*（见 api/queries.ts 与页面调用）","8852 未启用的旧页面；未调用旧远程服务"
"src/pages/AccountRiskGroupPage.tsx","109","table-column","'最大连续拒绝'","'consecutive' | (_, row) => `${formatNumber((row.profile as OperationalRiskProfile).maxConsecutiveDeclines)} 笔`","旧 /admin-api/*（见 api/queries.ts 与页面调用）","8852 未启用的旧页面；未调用旧远程服务"
"src/pages/AccountRiskGroupPage.tsx","110","table-column","'高拒绝率卡'","'cards' | (_, row) => formatNumber((row.profile as OperationalRiskProfile).highDeclineCardCount)","旧 /admin-api/*（见 api/queries.ts 与页面调用）","8852 未启用的旧页面；未调用旧远程服务"
"src/pages/AccountRiskGroupPage.tsx","111","table-column","'主要原因'","'reason' | (_, row) => (row.profile as OperationalRiskProfile).reasons.join('、') || '当前未命中关注规则'","旧 /admin-api/*（见 api/queries.ts 与页面调用）","8852 未启用的旧页面；未调用旧远程服务"
"src/pages/AccountRiskGroupPage.tsx","115","table-column","'卡片'","'card' | (_, row) => maskCard(pickValue(row, ['cardNoMasked', 'cardNo', 'cardId']))","旧 /admin-api/*（见 api/queries.ts 与页面调用）","8852 未启用的旧页面；未调用旧远程服务"
"src/pages/AccountRiskGroupPage.tsx","116","table-column","'状态'","'status' | ({ row }) => <StatusChip value={pickValue(row, ['cardStatusLabel', 'cardStatus'])} />","旧 /admin-api/*（见 api/queries.ts 与页面调用）","8852 未启用的旧页面；未调用旧远程服务"
"src/pages/AccountRiskGroupPage.tsx","117","table-column","'可用余额'","'balance' | (_, row) => formatAmount(pickValue(row, ['availableBalance', 'cardBalance']))","旧 /admin-api/*（见 api/queries.ts 与页面调用）","8852 未启用的旧页面；未调用旧远程服务"
"src/pages/AccountRiskGroupPage.tsx","118","table-column","'交易尝试'","'attempts' | (_, row) => formatNumber((row.profile as OperationalRiskProfile).attempts)","旧 /admin-api/*（见 api/queries.ts 与页面调用）","8852 未启用的旧页面；未调用旧远程服务"
"src/pages/AccountRiskGroupPage.tsx","119","table-column","'拒绝率'","'decline' | (_, row) => formatPercent((row.profile as OperationalRiskProfile).failedCount, (row.profile as OperationalRiskProfile).attempts)","旧 /admin-api/*（见 api/queries.ts 与页面调用）","8852 未启用的旧页面；未调用旧远程服务"
"src/pages/AccountRiskGroupPage.tsx","120","table-column","'连续拒绝'","'consecutive' | (_, row) => `${formatNumber((row.profile as OperationalRiskProfile).maxConsecutiveDeclines)} 笔`","旧 /admin-api/*（见 api/queries.ts 与页面调用）","8852 未启用的旧页面；未调用旧远程服务"
"src/pages/AccountRiskGroupPage.tsx","121","table-column","'拒绝影响金额'","'failedAmount' | (_, row) => formatAmount((row.profile as OperationalRiskProfile).failedAmount)","旧 /admin-api/*（见 api/queries.ts 与页面调用）","8852 未启用的旧页面；未调用旧远程服务"
"src/pages/AccountRiskGroupPage.tsx","122","table-column","'运营关注'","'signal' | ({ row }) => <StatusChip value={(row.profile as OperationalRiskProfile).level} />","旧 /admin-api/*（见 api/queries.ts 与页面调用）","8852 未启用的旧页面；未调用旧远程服务"
"src/pages/AccountRiskGroupPage.tsx","126","table-column","'交易号'","'bill' | (_, row) => String(pickValue(row, ['billId', 'id']))","旧 /admin-api/*（见 api/queries.ts 与页面调用）","8852 未启用的旧页面；未调用旧远程服务"
"src/pages/AccountRiskGroupPage.tsx","127","table-column","'卡片'","'card' | (_, row) => maskCard(pickValue(row, ['cardNoMasked', 'cardId']))","旧 /admin-api/*（见 api/queries.ts 与页面调用）","8852 未启用的旧页面；未调用旧远程服务"
"src/pages/AccountRiskGroupPage.tsx","128","table-column","'商户'","'merchant' | (_, row) => String(pickValue(row, ['merchantName', 'tradeDetail']))","旧 /admin-api/*（见 api/queries.ts 与页面调用）","8852 未启用的旧页面；未调用旧远程服务"
"src/pages/AccountRiskGroupPage.tsx","129","table-column","'拒绝金额'","'amount' | (_, row) => formatAmount(row.amount, String(row.currency || 'USD'))","旧 /admin-api/*（见 api/queries.ts 与页面调用）","8852 未启用的旧页面；未调用旧远程服务"
"src/pages/AccountRiskGroupPage.tsx","130","table-column","'发生时间'","'time' | (_, row) => formatDateTime(pickValue(row, ['finishTime', 'createTime']))","旧 /admin-api/*（见 api/queries.ts 与页面调用）","8852 未启用的旧页面；未调用旧远程服务"
"src/pages/AccountRiskGroupPage.tsx","151","display","""确认欠费/授信缺口""","{formatAmount(group.overdueAmount)}","旧 /admin-api/*（见 api/queries.ts 与页面调用）","8852 未启用的旧页面；未调用旧远程服务"
"src/pages/AccountRiskGroupPage.tsx","152","display","""账户组拒绝率""","{formatPercent(group.profile.failedCount, group.profile.attempts)}","旧 /admin-api/*（见 api/queries.ts 与页面调用）","8852 未启用的旧页面；未调用旧远程服务"
"src/pages/AccountRiskGroupPage.tsx","153","display","""疑似/确认连续欠费""","{formatNumber(group.continuousCount)}","旧 /admin-api/*（见 api/queries.ts 与页面调用）","8852 未启用的旧页面；未调用旧远程服务"
"src/pages/AccountRiskGroupPage.tsx","154","display","""高风险成员""","{formatNumber(group.highRiskCount)}","旧 /admin-api/*（见 api/queries.ts 与页面调用）","8852 未启用的旧页面；未调用旧远程服务"
"src/pages/AccountRiskGroupPage.tsx","169","display","{member.profile.level}","","旧 /admin-api/*（见 api/queries.ts 与页面调用）","8852 未启用的旧页面；未调用旧远程服务"
"src/pages/AccountsAnalyticsPage.tsx","72","table-column","'账户'","'account' | (_, row) => String(pickValue(row, ['userEmail', 'userId']))","旧 /admin-api/*（见 api/queries.ts 与页面调用）","8852 未启用的旧页面；未调用旧远程服务"
"src/pages/AccountsAnalyticsPage.tsx","73","table-column","'卡片'","'cards' | (_, row) => formatNumber(row.cardCount)","旧 /admin-api/*（见 api/queries.ts 与页面调用）","8852 未启用的旧页面；未调用旧远程服务"
"src/pages/AccountsAnalyticsPage.tsx","74","table-column","'活跃率'","'active' | (_, row) => formatPercent(row.activeCardCount, row.cardCount)","旧 /admin-api/*（见 api/queries.ts 与页面调用）","8852 未启用的旧页面；未调用旧远程服务"
"src/pages/AccountsAnalyticsPage.tsx","75","table-column","'卡余额'","'balance' | (_, row) => formatAmount(row.totalCardBalance)","旧 /admin-api/*（见 api/queries.ts 与页面调用）","8852 未启用的旧页面；未调用旧远程服务"
"src/pages/AccountsAnalyticsPage.tsx","76","table-column","'近30日交易'","'trade' | (_, row) => formatAmount(row.tradeAmount30d)","旧 /admin-api/*（见 api/queries.ts 与页面调用）","8852 未启用的旧页面；未调用旧远程服务"
"src/pages/AccountsAnalyticsPage.tsx","77","table-column","'风险标签'","'risk' | ({ row }) => <StatusChip value={pickValue(row, ['riskTag'], '正常')} />","旧 /admin-api/*（见 api/queries.ts 与页面调用）","8852 未启用的旧页面；未调用旧远程服务"
"src/pages/AccountsAnalyticsPage.tsx","78","table-column","'最近交易'","'lastTrade' | (_, row) => formatDateTime(row.lastTradeTime)","旧 /admin-api/*（见 api/queries.ts 与页面调用）","8852 未启用的旧页面；未调用旧远程服务"
"src/pages/AccountsAnalyticsPage.tsx","101","display","""样本近30日交易""","{formatAmount(model.totalTrade30d)}","旧 /admin-api/*（见 api/queries.ts 与页面调用）","8852 未启用的旧页面；未调用旧远程服务"
"src/pages/AccountsAnalyticsPage.tsx","102","display","""样本卡片余额""","{formatAmount(model.totalBalance)}","旧 /admin-api/*（见 api/queries.ts 与页面调用）","8852 未启用的旧页面；未调用旧远程服务"
"src/pages/AccountsAnalyticsPage.tsx","103","display","""样本活跃卡率""","{formatPercent(model.activeCards, model.totalCards)}","旧 /admin-api/*（见 api/queries.ts 与页面调用）","8852 未启用的旧页面；未调用旧远程服务"
"src/pages/AccountsAnalyticsPage.tsx","104","display","""主子账户关系""","{`${formatNumber(model.groups.length)} / ${formatNumber(model.subAccounts)}`}","旧 /admin-api/*（见 api/queries.ts 与页面调用）","8852 未启用的旧页面；未调用旧远程服务"
"src/pages/AnalysisTopicPage.tsx","104","table-column","'交易号'","'id' | (_, row) => String(pickValue(row, ['billId', 'id']))","旧 /admin-api/*（见 api/queries.ts 与页面调用）","8852 未启用的旧页面；未调用旧远程服务"
"src/pages/AnalysisTopicPage.tsx","105","table-column","'账户'","'account' | (_, row) => String(pickValue(row, ['userEmail', 'userId']))","旧 /admin-api/*（见 api/queries.ts 与页面调用）","8852 未启用的旧页面；未调用旧远程服务"
"src/pages/AnalysisTopicPage.tsx","106","table-column","'商户'","'merchant' | (_, row) => String(pickValue(row, ['merchantName', 'tradeDetail']))","旧 /admin-api/*（见 api/queries.ts 与页面调用）","8852 未启用的旧页面；未调用旧远程服务"
"src/pages/AnalysisTopicPage.tsx","107","table-column","'状态'","'status' | ({ row }) => <StatusChip value={pickValue(row, ['tradeStatusLabel', 'tradeStatus'])} />","旧 /admin-api/*（见 api/queries.ts 与页面调用）","8852 未启用的旧页面；未调用旧远程服务"
"src/pages/AnalysisTopicPage.tsx","108","table-column","'金额'","'amount' | (_, row) => formatAmount(row.amount, String(row.currency || 'USD'))","旧 /admin-api/*（见 api/queries.ts 与页面调用）","8852 未启用的旧页面；未调用旧远程服务"
"src/pages/AnalysisTopicPage.tsx","109","table-column","'完成时间'","'time' | (_, row) => formatDateTime(pickValue(row, ['finishTime', 'createTime']))","旧 /admin-api/*（见 api/queries.ts 与页面调用）","8852 未启用的旧页面；未调用旧远程服务"
"src/pages/AnalysisTopicPage.tsx","112","table-column","'卡片'","'card' | (_, row) => maskCard(pickValue(row, ['cardNoMasked', 'cardNo', 'cardId']))","旧 /admin-api/*（见 api/queries.ts 与页面调用）","8852 未启用的旧页面；未调用旧远程服务"
"src/pages/AnalysisTopicPage.tsx","113","table-column","'账户'","'account' | (_, row) => String(pickValue(row, ['userEmail', 'userId']))","旧 /admin-api/*（见 api/queries.ts 与页面调用）","8852 未启用的旧页面；未调用旧远程服务"
"src/pages/AnalysisTopicPage.tsx","114","table-column","'BIN'","'bin' | (_, row) => String(pickValue(row, ['cardBin']))","旧 /admin-api/*（见 api/queries.ts 与页面调用）","8852 未启用的旧页面；未调用旧远程服务"
"src/pages/AnalysisTopicPage.tsx","115","table-column","'状态'","'status' | ({ row }) => <StatusChip value={pickValue(row, ['riskLevelLabel', 'cardStatusLabel', 'cardStatus'])} />","旧 /admin-api/*（见 api/queries.ts 与页面调用）","8852 未启用的旧页面；未调用旧远程服务"
"src/pages/AnalysisTopicPage.tsx","116","table-column","'可用余额'","'balance' | (_, row) => formatAmount(pickValue(row, ['cardBalance', 'availableBalance']))","旧 /admin-api/*（见 api/queries.ts 与页面调用）","8852 未启用的旧页面；未调用旧远程服务"
"src/pages/AnalysisTopicPage.tsx","117","table-column","'最近交易'","'time' | (_, row) => formatDateTime(row.lastTradeTime)","旧 /admin-api/*（见 api/queries.ts 与页面调用）","8852 未启用的旧页面；未调用旧远程服务"
"src/pages/AnalysisTopicPage.tsx","120","table-column","'通道'","'channel' | (_, row) => String(pickValue(row, ['channelName']))","旧 /admin-api/*（见 api/queries.ts 与页面调用）","8852 未启用的旧页面；未调用旧远程服务"
"src/pages/AnalysisTopicPage.tsx","121","table-column","'通道账户'","'account' | (_, row) => String(pickValue(row, ['accountName', 'accountId']))","旧 /admin-api/*（见 api/queries.ts 与页面调用）","8852 未启用的旧页面；未调用旧远程服务"
"src/pages/AnalysisTopicPage.tsx","122","table-column","'可用余额'","'available' | (_, row) => formatAmount(row.availableBalance, String(row.currency || 'USD'))","旧 /admin-api/*（见 api/queries.ts 与页面调用）","8852 未启用的旧页面；未调用旧远程服务"
"src/pages/AnalysisTopicPage.tsx","123","table-column","'冻结余额'","'frozen' | (_, row) => formatAmount(row.frozenBalance, String(row.currency || 'USD'))","旧 /admin-api/*（见 api/queries.ts 与页面调用）","8852 未启用的旧页面；未调用旧远程服务"
"src/pages/AnalysisTopicPage.tsx","124","table-column","'快照状态'","'status' | ({ row }) => <StatusChip value={row.fetchStatus} />","旧 /admin-api/*（见 api/queries.ts 与页面调用）","8852 未启用的旧页面；未调用旧远程服务"
"src/pages/AnalysisTopicPage.tsx","125","table-column","'快照时间'","'time' | (_, row) => formatDateTime(row.snapshotTimeText)","旧 /admin-api/*（见 api/queries.ts 与页面调用）","8852 未启用的旧页面；未调用旧远程服务"
"src/pages/AnalysisTopicPage.tsx","128","table-column","'账户'","'account' | (_, row) => String(pickValue(row, ['userEmail', 'email', 'userId']))","旧 /admin-api/*（见 api/queries.ts 与页面调用）","8852 未启用的旧页面；未调用旧远程服务"
"src/pages/AnalysisTopicPage.tsx","129","table-column","'类型'","'type' | (_, row) => String(pickValue(row, ['accountTypeLabel', 'accountType'], '-'))","旧 /admin-api/*（见 api/queries.ts 与页面调用）","8852 未启用的旧页面；未调用旧远程服务"
"src/pages/AnalysisTopicPage.tsx","130","table-column","'卡片'","'cards' | (_, row) => formatNumber(row.cardCount)","旧 /admin-api/*（见 api/queries.ts 与页面调用）","8852 未启用的旧页面；未调用旧远程服务"
"src/pages/AnalysisTopicPage.tsx","131","table-column","'近30日交易'","'trade' | (_, row) => formatAmount(pickValue(row, ['tradeAmount30d', 'cardActualConsumptionAmount']))","旧 /admin-api/*（见 api/queries.ts 与页面调用）","8852 未启用的旧页面；未调用旧远程服务"
"src/pages/AnalysisTopicPage.tsx","132","table-column","'资产/剩余'","'balance' | (_, row) => formatAmount(pickValue(row, ['totalCardBalance', 'bookRemainingAmount', 'actualRemainingAvailableAmount']))","旧 /admin-api/*（见 api/queries.ts 与页面调用）","8852 未启用的旧页面；未调用旧远程服务"
"src/pages/AnalysisTopicPage.tsx","133","table-column","'风险'","'risk' | ({ row }) => <StatusChip value={pickValue(row, ['riskTag', 'riskLevelLabel', 'riskLevel'], '正常')} />","旧 /admin-api/*（见 api/queries.ts 与页面调用）","8852 未启用的旧页面；未调用旧远程服务"
"src/pages/AnalysisTopicPage.tsx","134","table-column","'最近活动'","'time' | (_, row) => formatDateTime(pickValue(row, ['lastTradeTime', 'generatedAt']))","旧 /admin-api/*（见 api/queries.ts 与页面调用）","8852 未启用的旧页面；未调用旧远程服务"
"src/pages/AnalysisTopicPage.tsx","163","display","""当前专题记录""","{formatNumber(state.rows.length)}","旧 /admin-api/*（见 api/queries.ts 与页面调用）","8852 未启用的旧页面；未调用旧远程服务"
"src/pages/AnalysisTopicPage.tsx","164","display","""当前样本金额""","{formatAmount(metrics.amount)}","旧 /admin-api/*（见 api/queries.ts 与页面调用）","8852 未启用的旧页面；未调用旧远程服务"
"src/pages/AnalysisTopicPage.tsx","165","display","""样本均值""","{formatAmount(metrics.average)}","旧 /admin-api/*（见 api/queries.ts 与页面调用）","8852 未启用的旧页面；未调用旧远程服务"
"src/pages/AnalysisTopicPage.tsx","166","display","""异常占比""","{formatPercent(metrics.failures + metrics.risky, state.rows.length)}","旧 /admin-api/*（见 api/queries.ts 与页面调用）","8852 未启用的旧页面；未调用旧远程服务"
"src/pages/AnalyticsOverviewPage.tsx","136","display","""今日交易金额""","{formatAmount(model.tradeSummary.todayTradeAmount)}","旧 /admin-api/*（见 api/queries.ts 与页面调用）","8852 未启用的旧页面；未调用旧远程服务"
"src/pages/AnalyticsOverviewPage.tsx","137","display","""交易成功率""","{successRate}","旧 /admin-api/*（见 api/queries.ts 与页面调用）","8852 未启用的旧页面；未调用旧远程服务"
"src/pages/AnalyticsOverviewPage.tsx","138","display","""活跃卡片率""","{activeRate}","旧 /admin-api/*（见 api/queries.ts 与页面调用）","8852 未启用的旧页面；未调用旧远程服务"
"src/pages/AnalyticsOverviewPage.tsx","139","display","""高风险账户""","{formatNumber(model.highRiskUsers)}","旧 /admin-api/*（见 api/queries.ts 与页面调用）","8852 未启用的旧页面；未调用旧远程服务"
"src/pages/CardDetailPage.tsx","78","table-column","'交易号'","'billId' | (_, row) => String(pickValue(row, ['billId', 'id']))","旧 /admin-api/*（见 api/queries.ts 与页面调用）","8852 未启用的旧页面；未调用旧远程服务"
"src/pages/CardDetailPage.tsx","79","table-column","'商户/说明'","'merchant' | (_, row) => String(pickValue(row, ['merchantName', 'tradeDetail', 'notes']))","旧 /admin-api/*（见 api/queries.ts 与页面调用）","8852 未启用的旧页面；未调用旧远程服务"
"src/pages/CardDetailPage.tsx","80","table-column","'类型'","'type' | (_, row) => String(pickValue(row, ['billTypeLabel', 'billType']))","旧 /admin-api/*（见 api/queries.ts 与页面调用）","8852 未启用的旧页面；未调用旧远程服务"
"src/pages/CardDetailPage.tsx","81","table-column","'状态'","'status' | ({ row }) => <StatusChip value={pickValue(row, ['tradeStatusLabel', 'tradeStatus'])} />","旧 /admin-api/*（见 api/queries.ts 与页面调用）","8852 未启用的旧页面；未调用旧远程服务"
"src/pages/CardDetailPage.tsx","82","table-column","'金额'","'amount' | (_, row) => formatAmount(row.amount, String(row.currency || 'USD'))","旧 /admin-api/*（见 api/queries.ts 与页面调用）","8852 未启用的旧页面；未调用旧远程服务"
"src/pages/CardDetailPage.tsx","83","table-column","'完成时间'","'time' | (_, row) => formatDateTime(pickValue(row, ['finishTime', 'createTime']))","旧 /admin-api/*（见 api/queries.ts 与页面调用）","8852 未启用的旧页面；未调用旧远程服务"
"src/pages/CardDetailPage.tsx","90","table-column","'记录ID'","'id' | (_, row) => String(pickValue(row, ['otpRecordId', 'id']))","旧 /admin-api/*（见 api/queries.ts 与页面调用）","8852 未启用的旧页面；未调用旧远程服务"
"src/pages/CardDetailPage.tsx","91","table-column","'卡片'","'card' | (_, row) => maskCard(pickValue(row, ['cardNo', 'cardNoMasked'], cardLabel))","旧 /admin-api/*（见 api/queries.ts 与页面调用）","8852 未启用的旧页面；未调用旧远程服务"
"src/pages/CardDetailPage.tsx","92","table-column","'OTP'","'otp' | (_, row) => String(pickValue(row, ['card3dsOtp'], '-'))","旧 /admin-api/*（见 api/queries.ts 与页面调用）","8852 未启用的旧页面；未调用旧远程服务"
"src/pages/CardDetailPage.tsx","93","table-column","'状态'","'status' | ({ row }) => <StatusChip value={pickValue(row, ['statusLabel', 'status'])} />","旧 /admin-api/*（见 api/queries.ts 与页面调用）","8852 未启用的旧页面；未调用旧远程服务"
"src/pages/CardDetailPage.tsx","94","table-column","'接收时间'","'time' | (_, row) => formatDateTime(row.createTime)","旧 /admin-api/*（见 api/queries.ts 与页面调用）","8852 未启用的旧页面；未调用旧远程服务"
"src/pages/CardDetailPage.tsx","148","display","""可用余额""","{formatAmount(pickValue(balance, ['cardBalance', 'balance'], 0), String(pickValue(base, ['currency'], 'USD')))}","旧 /admin-api/*（见 api/queries.ts 与页面调用）","8852 未启用的旧页面；未调用旧远程服务"
"src/pages/CardDetailPage.tsx","149","display","""累计充值""","{formatAmount(balance.inMoney)}","旧 /admin-api/*（见 api/queries.ts 与页面调用）","8852 未启用的旧页面；未调用旧远程服务"
"src/pages/CardDetailPage.tsx","150","display","""累计消费""","{formatAmount(balance.payMoney)}","旧 /admin-api/*（见 api/queries.ts 与页面调用）","8852 未启用的旧页面；未调用旧远程服务"
"src/pages/CardDetailPage.tsx","151","display","""累计退款""","{formatAmount(balance.refundMoney)}","旧 /admin-api/*（见 api/queries.ts 与页面调用）","8852 未启用的旧页面；未调用旧远程服务"
"src/pages/CardDetailPage.tsx","161","display","{showCardNumber ? '完整卡号' : '脱敏卡号'}","{showCardNumber ? fullCardNumber : cardLabel}","旧 /admin-api/*（见 api/queries.ts 与页面调用）","8852 未启用的旧页面；未调用旧远程服务"
"src/pages/CardDetailPage.tsx","162","display","""卡片ID""","{cardId}","旧 /admin-api/*（见 api/queries.ts 与页面调用）","8852 未启用的旧页面；未调用旧远程服务"
"src/pages/CardDetailPage.tsx","163","display","""BIN""","{base.cardBin}","旧 /admin-api/*（见 api/queries.ts 与页面调用）","8852 未启用的旧页面；未调用旧远程服务"
"src/pages/CardDetailPage.tsx","164","display","""币种""","{base.currency}","旧 /admin-api/*（见 api/queries.ts 与页面调用）","8852 未启用的旧页面；未调用旧远程服务"
"src/pages/CardDetailPage.tsx","167","display","""所属账户""","{pickValue(base, ['userEmail', 'userId'])}","旧 /admin-api/*（见 api/queries.ts 与页面调用）","8852 未启用的旧页面；未调用旧远程服务"
"src/pages/CardDetailPage.tsx","170","display","""通道账户""","{base.apiAccountId}","旧 /admin-api/*（见 api/queries.ts 与页面调用）","8852 未启用的旧页面；未调用旧远程服务"
"src/pages/CardDetailPage.tsx","171","display","""风险冻结状态""","{base.riskFreezeStatus}","旧 /admin-api/*（见 api/queries.ts 与页面调用）","8852 未启用的旧页面；未调用旧远程服务"
"src/pages/CardDetailPage.tsx","172","display","""创建时间""","{formatDateTime(base.createTime)}","旧 /admin-api/*（见 api/queries.ts 与页面调用）","8852 未启用的旧页面；未调用旧远程服务"
"src/pages/CardDetailPage.tsx","178","display","""概览""","""overview""","旧 /admin-api/*（见 api/queries.ts 与页面调用）","8852 未启用的旧页面；未调用旧远程服务"
"src/pages/CardDetailPage.tsx","179","display","{`交易 ${bills.length}`}","""transactions""","旧 /admin-api/*（见 api/queries.ts 与页面调用）","8852 未启用的旧页面；未调用旧远程服务"
"src/pages/CardDetailPage.tsx","180","display","""资金""","""funds""","旧 /admin-api/*（见 api/queries.ts 与页面调用）","8852 未启用的旧页面；未调用旧远程服务"
"src/pages/CardDetailPage.tsx","181","display","{`OTP ${otps.length}`}","""otp""","旧 /admin-api/*（见 api/queries.ts 与页面调用）","8852 未启用的旧页面；未调用旧远程服务"
"src/pages/CardDetailPage.tsx","182","display","""风险""","""risk""","旧 /admin-api/*（见 api/queries.ts 与页面调用）","8852 未启用的旧页面；未调用旧远程服务"
"src/pages/CardDetailPage.tsx","183","display","""处理历史""","""history""","旧 /admin-api/*（见 api/queries.ts 与页面调用）","8852 未启用的旧页面；未调用旧远程服务"
"src/pages/CardDetailPage.tsx","223","display","""可用余额""","{formatAmount(pickValue(balance, ['cardBalance', 'balance']))}","旧 /admin-api/*（见 api/queries.ts 与页面调用）","8852 未启用的旧页面；未调用旧远程服务"
"src/pages/CardDetailPage.tsx","224","display","""累计转出""","{formatAmount(balance.outMoney)}","旧 /admin-api/*（见 api/queries.ts 与页面调用）","8852 未启用的旧页面；未调用旧远程服务"
"src/pages/CardDetailPage.tsx","225","display","""交易手续费""","{formatAmount(balance.tradeFee)}","旧 /admin-api/*（见 api/queries.ts 与页面调用）","8852 未启用的旧页面；未调用旧远程服务"
"src/pages/CardDetailPage.tsx","226","display","""币种""","{pickValue(base, ['currency'], 'USD')}","旧 /admin-api/*（见 api/queries.ts 与页面调用）","8852 未启用的旧页面；未调用旧远程服务"
"src/pages/CardDetailPage.tsx","243","display","{check.alert ? '需关注' : '正常'}","","旧 /admin-api/*（见 api/queries.ts 与页面调用）","8852 未启用的旧页面；未调用旧远程服务"
"src/pages/CardOtpPage.tsx","45","table-column","'记录ID'","'record' | (_, row) => String(pickValue(row, ['otpRecordId', 'id']))","旧 /admin-api/*（见 api/queries.ts 与页面调用）","8852 未启用的旧页面；未调用旧远程服务"
"src/pages/CardOtpPage.tsx","46","table-column","'卡片'","'card' | (_, row) => maskCard(pickValue(row, ['cardNo', 'cardNoMasked', 'cardId']))","旧 /admin-api/*（见 api/queries.ts 与页面调用）","8852 未启用的旧页面；未调用旧远程服务"
"src/pages/CardOtpPage.tsx","47","table-column","'所属账户'","'customer' | (_, row) => String(pickValue(row, ['userEmail', 'userId']))","旧 /admin-api/*（见 api/queries.ts 与页面调用）","8852 未启用的旧页面；未调用旧远程服务"
"src/pages/CardOtpPage.tsx","48","table-column","'BIN'","'bin' | (_, row) => String(pickValue(row, ['cardBin']))","旧 /admin-api/*（见 api/queries.ts 与页面调用）","8852 未启用的旧页面；未调用旧远程服务"
"src/pages/CardOtpPage.tsx","49","table-column","'OTP'","'otp' | (_, row) => String(pickValue(row, ['card3dsOtp']))","旧 /admin-api/*（见 api/queries.ts 与页面调用）","8852 未启用的旧页面；未调用旧远程服务"
"src/pages/CardOtpPage.tsx","50","table-column","'状态'","'status' | ({ row }) => <StatusChip value={pickValue(row, ['statusLabel', 'status'])} />","旧 /admin-api/*（见 api/queries.ts 与页面调用）","8852 未启用的旧页面；未调用旧远程服务"
"src/pages/CardOtpPage.tsx","51","table-column","'接收时间'","'time' | (_, row) => formatDateTime(row.createTime)","旧 /admin-api/*（见 api/queries.ts 与页面调用）","8852 未启用的旧页面；未调用旧远程服务"
"src/pages/CardOtpPage.tsx","83","display","""全部 OTP 记录""","{formatNumber(total)}","旧 /admin-api/*（见 api/queries.ts 与页面调用）","8852 未启用的旧页面；未调用旧远程服务"
"src/pages/CardOtpPage.tsx","84","display","""当前页记录""","{formatNumber(rows.length)}","旧 /admin-api/*（见 api/queries.ts 与页面调用）","8852 未启用的旧页面；未调用旧远程服务"
"src/pages/CardOtpPage.tsx","89","input/filter","""卡片ID""","{cardId}","旧 /admin-api/*（见 api/queries.ts 与页面调用）","8852 未启用的旧页面；未调用旧远程服务"
"src/pages/CardsOverviewPage.tsx","97","display","""活跃卡片率""","{activeRate}","旧 /admin-api/*（见 api/queries.ts 与页面调用）","8852 未启用的旧页面；未调用旧远程服务"
"src/pages/CardsOverviewPage.tsx","98","display","""卡片总余额""","{formatAmount(summary.totalCardBalance)}","旧 /admin-api/*（见 api/queries.ts 与页面调用）","8852 未启用的旧页面；未调用旧远程服务"
"src/pages/CardsOverviewPage.tsx","99","display","""今日交易""","{formatAmount(summary.todayTradeAmount)}","旧 /admin-api/*（见 api/queries.ts 与页面调用）","8852 未启用的旧页面；未调用旧远程服务"
"src/pages/CardsOverviewPage.tsx","100","display","""今日异常信号""","{formatNumber(numberValue(summary.todayFailTradeCount) + numberValue(summary.todayOtpCount))}","旧 /admin-api/*（见 api/queries.ts 与页面调用）","8852 未启用的旧页面；未调用旧远程服务"
"src/pages/CardsOverviewPage.tsx","154","display","{`${rows.length} 条`}","","旧 /admin-api/*（见 api/queries.ts 与页面调用）","8852 未启用的旧页面；未调用旧远程服务"
"src/pages/CardsPage.tsx","67","table-column","'卡片'","'cardNo' | (_, row) => maskCard(pickValue(row, ['cardNoMasked', 'cardNo']))","旧 /admin-api/*（见 api/queries.ts 与页面调用）","8852 未启用的旧页面；未调用旧远程服务"
"src/pages/CardsPage.tsx","74","table-column","'卡名称'","'name' | (_, row) => String(pickValue(row, ['cardName', 'note']))","旧 /admin-api/*（见 api/queries.ts 与页面调用）","8852 未启用的旧页面；未调用旧远程服务"
"src/pages/CardsPage.tsx","80","table-column","'所属账户'","'customer' | (_, row) => String(pickValue(row, ['userEmail', 'email', 'userId']))","旧 /admin-api/*（见 api/queries.ts 与页面调用）","8852 未启用的旧页面；未调用旧远程服务"
"src/pages/CardsPage.tsx","87","table-column","'BIN'","'bin' | (_, row) => String(pickValue(row, ['cardBin']))","旧 /admin-api/*（见 api/queries.ts 与页面调用）","8852 未启用的旧页面；未调用旧远程服务"
"src/pages/CardsPage.tsx","93","table-column","'通道'","'channel' | (_, row) => String(pickValue(row, ['apiAccountLabel', 'apiAccountId']))","旧 /admin-api/*（见 api/queries.ts 与页面调用）","8852 未启用的旧页面；未调用旧远程服务"
"src/pages/CardsPage.tsx","99","table-column","'状态'","'status' | ({ row }) => <StatusChip value={pickValue(row, ['cardStatusLabel', 'cardStatus'])} labels={{ '1': '已激活', '2': '已冻结', '3': '已注销', '999': '待开卡' }} />","旧 /admin-api/*（见 api/queries.ts 与页面调用）","8852 未启用的旧页面；未调用旧远程服务"
"src/pages/CardsPage.tsx","105","table-column","'可用余额'","'balance' | (_, row) => formatAmount(pickValue(row, ['availableBalance', 'cardBalance', 'balance'], 0), String(pickValue(row, ['currency'], 'USD')))","旧 /admin-api/*（见 api/queries.ts 与页面调用）","8852 未启用的旧页面；未调用旧远程服务"
"src/pages/CardsPage.tsx","113","table-column","'累计消费'","'spent' | (_, row) => formatAmount(pickValue(row, ['totalConsumptionAmount', 'payMoney'], 0))","旧 /admin-api/*（见 api/queries.ts 与页面调用）","8852 未启用的旧页面；未调用旧远程服务"
"src/pages/CardsPage.tsx","121","table-column","'创建时间'","'created' | (_, row) => formatDateTime(pickValue(row, ['createTime', 'createdAt']))","旧 /admin-api/*（见 api/queries.ts 与页面调用）","8852 未启用的旧页面；未调用旧远程服务"
"src/pages/CardsPage.tsx","157","display","{view.label}","","旧 /admin-api/*（见 api/queries.ts 与页面调用）","8852 未启用的旧页面；未调用旧远程服务"
"src/pages/CardsPage.tsx","171","display","""风险卡片""","","旧 /admin-api/*（见 api/queries.ts 与页面调用）","8852 未启用的旧页面；未调用旧远程服务"
"src/pages/CardsPage.tsx","172","display","""OTP 活动""","","旧 /admin-api/*（见 api/queries.ts 与页面调用）","8852 未启用的旧页面；未调用旧远程服务"
"src/pages/CardsPage.tsx","173","display","""账户资产""","","旧 /admin-api/*（见 api/queries.ts 与页面调用）","8852 未启用的旧页面；未调用旧远程服务"
"src/pages/CardsPage.tsx","197","input/filter","""卡号尾号或卡片ID""","{keyword}","旧 /admin-api/*（见 api/queries.ts 与页面调用）","8852 未启用的旧页面；未调用旧远程服务"
"src/pages/CardsPage.tsx","198","input/filter","""客户邮箱""","{email}","旧 /admin-api/*（见 api/queries.ts 与页面调用）","8852 未启用的旧页面；未调用旧远程服务"
"src/pages/CardsPage.tsx","199","input/filter","""卡片状态""","{status}","旧 /admin-api/*（见 api/queries.ts 与页面调用）","8852 未启用的旧页面；未调用旧远程服务"
"src/pages/CardsPage.tsx","227","input/filter","""BIN 卡段""","{bin}","旧 /admin-api/*（见 api/queries.ts 与页面调用）","8852 未启用的旧页面；未调用旧远程服务"
"src/pages/CardsPage.tsx","228","input/filter","""通道账户ID""","{channel}","旧 /admin-api/*（见 api/queries.ts 与页面调用）","8852 未启用的旧页面；未调用旧远程服务"
"src/pages/CustomerDetailPage.tsx","115","table-column","'子账户'","'name' | (_, row) => String(pickValue(row, ['nickname', 'nick_name', 'subAccountName', 'email', 'id']))","旧 /admin-api/*（见 api/queries.ts 与页面调用）","8852 未启用的旧页面；未调用旧远程服务"
"src/pages/CustomerDetailPage.tsx","116","table-column","'邮箱'","'email' | (_, row) => String(pickValue(row, ['email', 'subAccountEmail']))","旧 /admin-api/*（见 api/queries.ts 与页面调用）","8852 未启用的旧页面；未调用旧远程服务"
"src/pages/CustomerDetailPage.tsx","117","table-column","'状态'","'status' | ({ row }) => <StatusChip value={pickValue(row, ['statusLabel', 'status'])} />","旧 /admin-api/*（见 api/queries.ts 与页面调用）","8852 未启用的旧页面；未调用旧远程服务"
"src/pages/CustomerDetailPage.tsx","118","table-column","'卡片'","'cards' | (_, row) => formatNumber(pickValue(row, ['totalCardCount', 'cardCount'], 0))","旧 /admin-api/*（见 api/queries.ts 与页面调用）","8852 未启用的旧页面；未调用旧远程服务"
"src/pages/CustomerDetailPage.tsx","119","table-column","'卡片余额'","'balance' | (_, row) => formatAmount(pickValue(row, ['totalCardBalance', 'cardTotalBalance'], 0))","旧 /admin-api/*（见 api/queries.ts 与页面调用）","8852 未启用的旧页面；未调用旧远程服务"
"src/pages/CustomerDetailPage.tsx","120","table-column","'最近活跃'","'activity' | (_, row) => formatDateTime(pickValue(row, ['lastActiveTime', 'lastActionTime']))","旧 /admin-api/*（见 api/queries.ts 与页面调用）","8852 未启用的旧页面；未调用旧远程服务"
"src/pages/CustomerDetailPage.tsx","124","table-column","'卡片'","'card' | (_, row) => maskCard(pickValue(row, ['cardNoMasked', 'cardNo', 'cardId']))","旧 /admin-api/*（见 api/queries.ts 与页面调用）","8852 未启用的旧页面；未调用旧远程服务"
"src/pages/CustomerDetailPage.tsx","125","table-column","'名称'","'name' | (_, row) => String(pickValue(row, ['cardName', 'note']))","旧 /admin-api/*（见 api/queries.ts 与页面调用）","8852 未启用的旧页面；未调用旧远程服务"
"src/pages/CustomerDetailPage.tsx","126","table-column","'BIN'","'bin' | (_, row) => String(pickValue(row, ['cardBin']))","旧 /admin-api/*（见 api/queries.ts 与页面调用）","8852 未启用的旧页面；未调用旧远程服务"
"src/pages/CustomerDetailPage.tsx","127","table-column","'通道'","'channel' | (_, row) => String(pickValue(row, ['apiAccountLabel', 'apiAccountId']))","旧 /admin-api/*（见 api/queries.ts 与页面调用）","8852 未启用的旧页面；未调用旧远程服务"
"src/pages/CustomerDetailPage.tsx","128","table-column","'状态'","'status' | ({ row }) => <StatusChip value={pickValue(row, ['cardStatusLabel', 'cardStatus'])} />","旧 /admin-api/*（见 api/queries.ts 与页面调用）","8852 未启用的旧页面；未调用旧远程服务"
"src/pages/CustomerDetailPage.tsx","129","table-column","'可用余额'","'balance' | (_, row) => formatAmount(pickValue(row, ['availableBalance', 'cardBalance'], 0))","旧 /admin-api/*（见 api/queries.ts 与页面调用）","8852 未启用的旧页面；未调用旧远程服务"
"src/pages/CustomerDetailPage.tsx","130","table-column","'创建时间'","'created' | (_, row) => formatDateTime(row.createTime)","旧 /admin-api/*（见 api/queries.ts 与页面调用）","8852 未启用的旧页面；未调用旧远程服务"
"src/pages/CustomerDetailPage.tsx","134","table-column","'交易号'","'bill' | (_, row) => String(pickValue(row, ['billId', 'id']))","旧 /admin-api/*（见 api/queries.ts 与页面调用）","8852 未启用的旧页面；未调用旧远程服务"
"src/pages/CustomerDetailPage.tsx","135","table-column","'卡片'","'card' | (_, row) => maskCard(pickValue(row, ['cardNoMasked', 'cardNo', 'cardId']))","旧 /admin-api/*（见 api/queries.ts 与页面调用）","8852 未启用的旧页面；未调用旧远程服务"
"src/pages/CustomerDetailPage.tsx","136","table-column","'商户/说明'","'merchant' | (_, row) => String(pickValue(row, ['merchantName', 'tradeDetail', 'notes']))","旧 /admin-api/*（见 api/queries.ts 与页面调用）","8852 未启用的旧页面；未调用旧远程服务"
"src/pages/CustomerDetailPage.tsx","137","table-column","'状态'","'status' | ({ row }) => <StatusChip value={pickValue(row, ['tradeStatusLabel', 'tradeStatus'])} />","旧 /admin-api/*（见 api/queries.ts 与页面调用）","8852 未启用的旧页面；未调用旧远程服务"
"src/pages/CustomerDetailPage.tsx","138","table-column","'金额'","'amount' | (_, row) => formatAmount(row.amount, String(row.currency || 'USD'))","旧 /admin-api/*（见 api/queries.ts 与页面调用）","8852 未启用的旧页面；未调用旧远程服务"
"src/pages/CustomerDetailPage.tsx","139","table-column","'完成时间'","'time' | (_, row) => formatDateTime(pickValue(row, ['finishTime', 'createTime']))","旧 /admin-api/*（见 api/queries.ts 与页面调用）","8852 未启用的旧页面；未调用旧远程服务"
"src/pages/CustomerDetailPage.tsx","143","table-column","'记录'","'id' | (_, row) => String(pickValue(row, ['billNo', 'id']))","旧 /admin-api/*（见 api/queries.ts 与页面调用）","8852 未启用的旧页面；未调用旧远程服务"
"src/pages/CustomerDetailPage.tsx","144","table-column","'类型'","'type' | (_, row) => String(pickValue(row, ['typeLabel', 'operationLabel', 'recordTitle', 'type']))","旧 /admin-api/*（见 api/queries.ts 与页面调用）","8852 未启用的旧页面；未调用旧远程服务"
"src/pages/CustomerDetailPage.tsx","145","table-column","'金额'","'amount' | (_, row) => formatAmount(row.amount, String(row.currency || 'USD'))","旧 /admin-api/*（见 api/queries.ts 与页面调用）","8852 未启用的旧页面；未调用旧远程服务"
"src/pages/CustomerDetailPage.tsx","146","table-column","'资金关系'","'relationship' | (_, row) => `${String(pickValue(row, ['fromAccountName'], '-'))} → ${String(pickValue(row, ['toAccountName'], '-'))}`","旧 /admin-api/*（见 api/queries.ts 与页面调用）","8852 未启用的旧页面；未调用旧远程服务"
"src/pages/CustomerDetailPage.tsx","147","table-column","'状态'","'status' | ({ row }) => <StatusChip value={pickValue(row, ['statusLabel', 'status'], '已记录')} />","旧 /admin-api/*（见 api/queries.ts 与页面调用）","8852 未启用的旧页面；未调用旧远程服务"
"src/pages/CustomerDetailPage.tsx","148","table-column","'备注'","'remark' | (_, row) => String(pickValue(row, ['remark', 'notes']))","旧 /admin-api/*（见 api/queries.ts 与页面调用）","8852 未启用的旧页面；未调用旧远程服务"
"src/pages/CustomerDetailPage.tsx","149","table-column","'时间'","'time' | (_, row) => formatDateTime(pickValue(row, ['createTimeText', 'createTime', 'createdAtFormatted', 'createdAt']))","旧 /admin-api/*（见 api/queries.ts 与页面调用）","8852 未启用的旧页面；未调用旧远程服务"
"src/pages/CustomerDetailPage.tsx","153","table-column","'交易号'","'trade' | (_, row) => String(pickValue(row, ['tradeId', 'id']))","旧 /admin-api/*（见 api/queries.ts 与页面调用）","8852 未启用的旧页面；未调用旧远程服务"
"src/pages/CustomerDetailPage.tsx","154","table-column","'类型'","'type' | (_, row) => String(pickValue(row, ['typeLabel', 'eventType']))","旧 /admin-api/*（见 api/queries.ts 与页面调用）","8852 未启用的旧页面；未调用旧远程服务"
"src/pages/CustomerDetailPage.tsx","155","table-column","'资产/网络'","'asset' | (_, row) => `${String(pickValue(row, ['coinKey'], '-'))} · ${String(pickValue(row, ['network'], '-'))}`","旧 /admin-api/*（见 api/queries.ts 与页面调用）","8852 未启用的旧页面；未调用旧远程服务"
"src/pages/CustomerDetailPage.tsx","156","table-column","'数量'","'amount' | (_, row) => String(pickValue(row, ['amount'], 0))","旧 /admin-api/*（见 api/queries.ts 与页面调用）","8852 未启用的旧页面；未调用旧远程服务"
"src/pages/CustomerDetailPage.tsx","157","table-column","'地址'","'address' | (_, row) => String(pickValue(row, ['address']))","旧 /admin-api/*（见 api/queries.ts 与页面调用）","8852 未启用的旧页面；未调用旧远程服务"
"src/pages/CustomerDetailPage.tsx","158","table-column","'状态'","'status' | ({ row }) => <StatusChip value={pickValue(row, ['statusLabel', 'status'])} />","旧 /admin-api/*（见 api/queries.ts 与页面调用）","8852 未启用的旧页面；未调用旧远程服务"
"src/pages/CustomerDetailPage.tsx","159","table-column","'时间'","'time' | (_, row) => formatDateTime(pickValue(row, ['tradeTimeText', 'tradeTime']))","旧 /admin-api/*（见 api/queries.ts 与页面调用）","8852 未启用的旧页面；未调用旧远程服务"
"src/pages/CustomerDetailPage.tsx","163","table-column","'交易号'","'trade' | (_, row) => String(pickValue(row, ['tradeId', 'id']))","旧 /admin-api/*（见 api/queries.ts 与页面调用）","8852 未启用的旧页面；未调用旧远程服务"
"src/pages/CustomerDetailPage.tsx","164","table-column","'卖出'","'source' | (_, row) => `${String(pickValue(row, ['sourceAmount'], 0))} ${String(pickValue(row, ['sourceCoin'], '-'))}`","旧 /admin-api/*（见 api/queries.ts 与页面调用）","8852 未启用的旧页面；未调用旧远程服务"
"src/pages/CustomerDetailPage.tsx","165","table-column","'买入'","'destination' | (_, row) => `${String(pickValue(row, ['destinationAmount'], 0))} ${String(pickValue(row, ['destinationCoin'], '-'))}`","旧 /admin-api/*（见 api/queries.ts 与页面调用）","8852 未启用的旧页面；未调用旧远程服务"
"src/pages/CustomerDetailPage.tsx","166","table-column","'费用'","'fee' | (_, row) => String(pickValue(row, ['fee'], 0))","旧 /admin-api/*（见 api/queries.ts 与页面调用）","8852 未启用的旧页面；未调用旧远程服务"
"src/pages/CustomerDetailPage.tsx","167","table-column","'状态'","'status' | ({ row }) => <StatusChip value={pickValue(row, ['statusLabel', 'status'])} />","旧 /admin-api/*（见 api/queries.ts 与页面调用）","8852 未启用的旧页面；未调用旧远程服务"
"src/pages/CustomerDetailPage.tsx","168","table-column","'时间'","'time' | (_, row) => formatDateTime(pickValue(row, ['tradeTimeText', 'tradeTime']))","旧 /admin-api/*（见 api/queries.ts 与页面调用）","8852 未启用的旧页面；未调用旧远程服务"
"src/pages/CustomerDetailPage.tsx","172","table-column","'记录ID'","'id' | (_, row) => String(pickValue(row, ['id']))","旧 /admin-api/*（见 api/queries.ts 与页面调用）","8852 未启用的旧页面；未调用旧远程服务"
"src/pages/CustomerDetailPage.tsx","173","table-column","'类型'","'type' | (_, row) => String(pickValue(row, ['typeLabel', 'type']))","旧 /admin-api/*（见 api/queries.ts 与页面调用）","8852 未启用的旧页面；未调用旧远程服务"
"src/pages/CustomerDetailPage.tsx","174","table-column","'金额'","'amount' | (_, row) => formatAmount(row.amount)","旧 /admin-api/*（见 api/queries.ts 与页面调用）","8852 未启用的旧页面；未调用旧远程服务"
"src/pages/CustomerDetailPage.tsx","175","table-column","'金额类型'","'amountType' | (_, row) => String(pickValue(row, ['amountTypeLabel', 'amountType']))","旧 /admin-api/*（见 api/queries.ts 与页面调用）","8852 未启用的旧页面；未调用旧远程服务"
"src/pages/CustomerDetailPage.tsx","176","table-column","'关联编号'","'reference' | (_, row) => String(pickValue(row, ['referenceNo']))","旧 /admin-api/*（见 api/queries.ts 与页面调用）","8852 未启用的旧页面；未调用旧远程服务"
"src/pages/CustomerDetailPage.tsx","177","table-column","'状态'","'status' | ({ row }) => <StatusChip value={pickValue(row, ['statusLabel', 'status'])} />","旧 /admin-api/*（见 api/queries.ts 与页面调用）","8852 未启用的旧页面；未调用旧远程服务"
"src/pages/CustomerDetailPage.tsx","178","table-column","'备注'","'remark' | (_, row) => String(pickValue(row, ['remark']))","旧 /admin-api/*（见 api/queries.ts 与页面调用）","8852 未启用的旧页面；未调用旧远程服务"
"src/pages/CustomerDetailPage.tsx","179","table-column","'时间'","'time' | (_, row) => formatDateTime(pickValue(row, ['createdAtText', 'createdAt']))","旧 /admin-api/*（见 api/queries.ts 与页面调用）","8852 未启用的旧页面；未调用旧远程服务"
"src/pages/CustomerDetailPage.tsx","220","display","""法币可用余额""","{formatAmount(metrics.fiatAvailableBalance)}","旧 /admin-api/*（见 api/queries.ts 与页面调用）","8852 未启用的旧页面；未调用旧远程服务"
"src/pages/CustomerDetailPage.tsx","221","display","""卡片""","{formatNumber(metrics.cardCount || scoped.cardsTotal)}","旧 /admin-api/*（见 api/queries.ts 与页面调用）","8852 未启用的旧页面；未调用旧远程服务"
"src/pages/CustomerDetailPage.tsx","222","display","""卡片余额""","{formatAmount(pickValue(metrics, ['cardAvailableBalance', 'cardTotalBalance'], 0))}","旧 /admin-api/*（见 api/queries.ts 与页面调用）","8852 未启用的旧页面；未调用旧远程服务"
"src/pages/CustomerDetailPage.tsx","223","display","""子账户""","{formatNumber(metrics.subAccountCount || subAccounts.length)}","旧 /admin-api/*（见 api/queries.ts 与页面调用）","8852 未启用的旧页面；未调用旧远程服务"
"src/pages/CustomerDetailPage.tsx","230","display","""账户ID""","{pickValue(displayedBase, ['userId'], selectedUserId)}","旧 /admin-api/*（见 api/queries.ts 与页面调用）","8852 未启用的旧页面；未调用旧远程服务"
"src/pages/CustomerDetailPage.tsx","231","display","""邮箱""","{displayedBase.email}","旧 /admin-api/*（见 api/queries.ts 与页面调用）","8852 未启用的旧页面；未调用旧远程服务"
"src/pages/CustomerDetailPage.tsx","232","display","""账户角色""","{isSubAccount ? '子账户' : '主账户'}","旧 /admin-api/*（见 api/queries.ts 与页面调用）","8852 未启用的旧页面；未调用旧远程服务"
"src/pages/CustomerDetailPage.tsx","233","display","""主账户""","{isSubAccount ? pickValue(displayedBase, ['mainAccountEmail', 'mainAccountId'], customerId) : customerName}","旧 /admin-api/*（见 api/queries.ts 与页面调用）","8852 未启用的旧页面；未调用旧远程服务"
"src/pages/CustomerDetailPage.tsx","234","display","""账户类型""","{displayedBase.isCreditAccount ? '授信账户' : '普通账户'}","旧 /admin-api/*（见 api/queries.ts 与页面调用）","8852 未启用的旧页面；未调用旧远程服务"
"src/pages/CustomerDetailPage.tsx","235","display","""注册时间""","{formatDateTime(displayedBase.registerTime)}","旧 /admin-api/*（见 api/queries.ts 与页面调用）","8852 未启用的旧页面；未调用旧远程服务"
"src/pages/CustomerDetailPage.tsx","236","display","""最近活跃""","{formatDateTime(displayedBase.lastActiveTime)}","旧 /admin-api/*（见 api/queries.ts 与页面调用）","8852 未启用的旧页面；未调用旧远程服务"
"src/pages/CustomerDetailPage.tsx","237","display","""OTC费率""","{metrics.otcFeeConfig}","旧 /admin-api/*（见 api/queries.ts 与页面调用）","8852 未启用的旧页面；未调用旧远程服务"
"src/pages/CustomerDetailPage.tsx","243","display","{`账户关系 ${subAccounts.length}`}","""overview""","旧 /admin-api/*（见 api/queries.ts 与页面调用）","8852 未启用的旧页面；未调用旧远程服务"
"src/pages/CustomerDetailPage.tsx","244","display","{`卡片 ${scoped.cardsTotal}`}","""cards""","旧 /admin-api/*（见 api/queries.ts 与页面调用）","8852 未启用的旧页面；未调用旧远程服务"
"src/pages/CustomerDetailPage.tsx","245","display","{`交易 ${scoped.transactionsTotal}`}","""transactions""","旧 /admin-api/*（见 api/queries.ts 与页面调用）","8852 未启用的旧页面；未调用旧远程服务"
"src/pages/CustomerDetailPage.tsx","246","display","""资金流水""","""funds""","旧 /admin-api/*（见 api/queries.ts 与页面调用）","8852 未启用的旧页面；未调用旧远程服务"
"src/pages/CustomerDetailPage.tsx","247","display","""数字资产""","""digital""","旧 /admin-api/*（见 api/queries.ts 与页面调用）","8852 未启用的旧页面；未调用旧远程服务"
"src/pages/CustomerDetailPage.tsx","248","display","""OTC""","""otc""","旧 /admin-api/*（见 api/queries.ts 与页面调用）","8852 未启用的旧页面；未调用旧远程服务"
"src/pages/CustomerDetailPage.tsx","249","display","""授信记录""","""credit""","旧 /admin-api/*（见 api/queries.ts 与页面调用）","8852 未启用的旧页面；未调用旧远程服务"
"src/pages/CustomerDetailPage.tsx","250","display","{`风险 ${scoped.risk.length}`}","""risk""","旧 /admin-api/*（见 api/queries.ts 与页面调用）","8852 未启用的旧页面；未调用旧远程服务"
"src/pages/CustomerDetailPage.tsx","273","display","""风险等级""","{pickValue(risk, ['riskLevelLabel', 'riskLevel'])}","旧 /admin-api/*（见 api/queries.ts 与页面调用）","8852 未启用的旧页面；未调用旧远程服务"
"src/pages/CustomerDetailPage.tsx","274","display","""资金使用率""","{`${String(pickValue(risk, ['fundUsagePercent'], 0))}%`}","旧 /admin-api/*（见 api/queries.ts 与页面调用）","8852 未启用的旧页面；未调用旧远程服务"
"src/pages/CustomerDetailPage.tsx","275","display","""实际剩余""","{formatAmount(risk.actualRemainingAvailableAmount)}","旧 /admin-api/*（见 api/queries.ts 与页面调用）","8852 未启用的旧页面；未调用旧远程服务"
"src/pages/CustomerDetailPage.tsx","276","display","""自有资金""","{formatAmount(risk.ownFundsTotalAmount)}","旧 /admin-api/*（见 api/queries.ts 与页面调用）","8852 未启用的旧页面；未调用旧远程服务"
"src/pages/CustomerDetailPage.tsx","277","display","""真实授信缺口""","{formatAmount(risk.realCreditGapAmount)}","旧 /admin-api/*（见 api/queries.ts 与页面调用）","8852 未启用的旧页面；未调用旧远程服务"
"src/pages/CustomerDetailPage.tsx","278","display","""命中规则""","{risk.matchedRules}","旧 /admin-api/*（见 api/queries.ts 与页面调用）","8852 未启用的旧页面；未调用旧远程服务"
"src/pages/CustomersPage.tsx","55","table-column","'主账户'","'account' | (_, row) => String(pickValue(row, ['nickname', 'nick_name', 'customerName', 'email', 'id']))","旧 /admin-api/*（见 api/queries.ts 与页面调用）","8852 未启用的旧页面；未调用旧远程服务"
"src/pages/CustomersPage.tsx","63","table-column","'邮箱'","'email' | (_, row) => String(pickValue(row, ['email', 'customerEmail']))","旧 /admin-api/*（见 api/queries.ts 与页面调用）","8852 未启用的旧页面；未调用旧远程服务"
"src/pages/CustomersPage.tsx","70","table-column","'状态'","'status' | ({ row }) => <StatusChip value={pickValue(row, ['statusLabel', 'status'])} />","旧 /admin-api/*（见 api/queries.ts 与页面调用）","8852 未启用的旧页面；未调用旧远程服务"
"src/pages/CustomersPage.tsx","76","table-column","'子账户'","'subAccounts' | (_, row) => formatNumber(pickValue(row, ['subAccountCount'], 0))","旧 /admin-api/*（见 api/queries.ts 与页面调用）","8852 未启用的旧页面；未调用旧远程服务"
"src/pages/CustomersPage.tsx","84","table-column","'卡片'","'cards' | (_, row) => formatNumber(pickValue(row, ['totalCardCount', 'cardCount'], 0))","旧 /admin-api/*（见 api/queries.ts 与页面调用）","8852 未启用的旧页面；未调用旧远程服务"
"src/pages/CustomersPage.tsx","92","table-column","'卡片余额'","'cardBalance' | (_, row) => formatAmount(pickValue(row, ['totalCardBalance', 'cardBalance'], 0))","旧 /admin-api/*（见 api/queries.ts 与页面调用）","8852 未启用的旧页面；未调用旧远程服务"
"src/pages/CustomersPage.tsx","100","table-column","'授信'","'credit' | ({ row }) => ( <Chip size=""small"" label={Number(pickValue(row, ['isCreditAccount'], 0)) === 1 ? '授信' : '非授信'} variant=""outlined"" /> )","旧 /admin-api/*（见 api/queries.ts 与页面调用）","8852 未启用的旧页面；未调用旧远程服务"
"src/pages/CustomersPage.tsx","105","display","{Number(pickValue(row, ['isCreditAccount'], 0)) === 1 ? '授信' : '非授信'}","","旧 /admin-api/*（见 api/queries.ts 与页面调用）","8852 未启用的旧页面；未调用旧远程服务"
"src/pages/CustomersPage.tsx","112","table-column","'最近活跃'","'lastActive' | (_, row) => formatDateTime(pickValue(row, ['lastActiveTime']))","旧 /admin-api/*（见 api/queries.ts 与页面调用）","8852 未启用的旧页面；未调用旧远程服务"
"src/pages/CustomersPage.tsx","139","input/filter","""客户名称或ID""","{keyword}","旧 /admin-api/*（见 api/queries.ts 与页面调用）","8852 未启用的旧页面；未调用旧远程服务"
"src/pages/CustomersPage.tsx","140","input/filter","""客户邮箱""","{email}","旧 /admin-api/*（见 api/queries.ts 与页面调用）","8852 未启用的旧页面；未调用旧远程服务"
"src/pages/CustomersPage.tsx","141","input/filter","""状态""","{status}","旧 /admin-api/*（见 api/queries.ts 与页面调用）","8852 未启用的旧页面；未调用旧远程服务"
"src/pages/EntityAnalyticsPage.tsx","94","table-column","'交易号'","'id' | (_, row) => String(pickValue(row, ['billId', 'id']))","旧 /admin-api/*（见 api/queries.ts 与页面调用）","8852 未启用的旧页面；未调用旧远程服务"
"src/pages/EntityAnalyticsPage.tsx","95","table-column","'商户/说明'","'merchant' | (_, row) => String(pickValue(row, ['merchantName', 'tradeDetail']))","旧 /admin-api/*（见 api/queries.ts 与页面调用）","8852 未启用的旧页面；未调用旧远程服务"
"src/pages/EntityAnalyticsPage.tsx","96","table-column","'卡片'","'card' | (_, row) => maskCard(pickValue(row, ['cardNoMasked', 'cardNo', 'cardId']))","旧 /admin-api/*（见 api/queries.ts 与页面调用）","8852 未启用的旧页面；未调用旧远程服务"
"src/pages/EntityAnalyticsPage.tsx","97","table-column","'状态'","'status' | ({ row }) => <StatusChip value={pickValue(row, ['tradeStatusLabel', 'tradeStatus'])} />","旧 /admin-api/*（见 api/queries.ts 与页面调用）","8852 未启用的旧页面；未调用旧远程服务"
"src/pages/EntityAnalyticsPage.tsx","98","table-column","'金额'","'amount' | (_, row) => formatAmount(row.amount, String(row.currency || 'USD'))","旧 /admin-api/*（见 api/queries.ts 与页面调用）","8852 未启用的旧页面；未调用旧远程服务"
"src/pages/EntityAnalyticsPage.tsx","99","table-column","'完成时间'","'time' | (_, row) => formatDateTime(pickValue(row, ['finishTime', 'createTime']))","旧 /admin-api/*（见 api/queries.ts 与页面调用）","8852 未启用的旧页面；未调用旧远程服务"
"src/pages/EntityAnalyticsPage.tsx","129","display","""关联交易""","{formatNumber(state.rows.length)}","旧 /admin-api/*（见 api/queries.ts 与页面调用）","8852 未启用的旧页面；未调用旧远程服务"
"src/pages/EntityAnalyticsPage.tsx","130","display","""交易金额""","{formatAmount(model.amount)}","旧 /admin-api/*（见 api/queries.ts 与页面调用）","8852 未启用的旧页面；未调用旧远程服务"
"src/pages/EntityAnalyticsPage.tsx","131","display","""交易成功率""","{formatPercent(model.succeeded, state.rows.length)}","旧 /admin-api/*（见 api/queries.ts 与页面调用）","8852 未启用的旧页面；未调用旧远程服务"
"src/pages/EntityAnalyticsPage.tsx","132","display","""风险记录""","{formatNumber(state.risks.length)}","旧 /admin-api/*（见 api/queries.ts 与页面调用）","8852 未启用的旧页面；未调用旧远程服务"
"src/pages/LoginPage.tsx","44","input/filter","""验证器""","{factor || factors[0].uid}","Firebase SDK 或 /admin-api/login","按模式分流"
"src/pages/LoginPage.tsx","45","input/filter","{t('验证码')}","{code}","Firebase SDK 或 /admin-api/login","按模式分流"
"src/pages/LoginPage.tsx","47","input/filter","{usesFirebaseAuth ? t('邮箱地址') : t('用户名')}","{email}","Firebase SDK 或 /admin-api/login","按模式分流"
"src/pages/LoginPage.tsx","48","input/filter","{t('密码')}","{password}","Firebase SDK 或 /admin-api/login","按模式分流"
"src/pages/ReconciliationCasePage.tsx","65","table-column","'交易号'","'bill' | (_, row) => String(pickValue(row, ['billId', 'id']))","旧 /admin-api/*（见 api/queries.ts 与页面调用）","8852 未启用的旧页面；未调用旧远程服务"
"src/pages/ReconciliationCasePage.tsx","66","table-column","'卡片'","'card' | (_, row) => maskCard(pickValue(row, ['cardNoMasked', 'cardId']))","旧 /admin-api/*（见 api/queries.ts 与页面调用）","8852 未启用的旧页面；未调用旧远程服务"
"src/pages/ReconciliationCasePage.tsx","67","table-column","'商户'","'merchant' | (_, row) => String(pickValue(row, ['merchantName', 'tradeDetail']))","旧 /admin-api/*（见 api/queries.ts 与页面调用）","8852 未启用的旧页面；未调用旧远程服务"
"src/pages/ReconciliationCasePage.tsx","68","table-column","'金额'","'amount' | (_, row) => formatAmount(row.amount, String(row.currency || 'USD'))","旧 /admin-api/*（见 api/queries.ts 与页面调用）","8852 未启用的旧页面；未调用旧远程服务"
"src/pages/ReconciliationCasePage.tsx","69","table-column","'结果'","'status' | (_, row) => String(pickValue(row, ['tradeStatusLabel', 'tradeStatus']))","旧 /admin-api/*（见 api/queries.ts 与页面调用）","8852 未启用的旧页面；未调用旧远程服务"
"src/pages/ReconciliationCasePage.tsx","70","table-column","'时间'","'time' | (_, row) => formatDateTime(pickValue(row, ['finishTime', 'createTime']))","旧 /admin-api/*（见 api/queries.ts 与页面调用）","8852 未启用的旧页面；未调用旧远程服务"
"src/pages/ReconciliationCasePage.tsx","88","display","""严重程度""","{currentCase.severity}","旧 /admin-api/*（见 api/queries.ts 与页面调用）","8852 未启用的旧页面；未调用旧远程服务"
"src/pages/ReconciliationCasePage.tsx","89","display","""账面应有""","{currentCase.kind === 'transaction' ? '-' : formatAmount(currentCase.expected)}","旧 /admin-api/*（见 api/queries.ts 与页面调用）","8852 未启用的旧页面；未调用旧远程服务"
"src/pages/ReconciliationCasePage.tsx","90","display","{currentCase.kind === 'transaction' ? '交易金额' : '实际读取'}","{formatAmount(currentCase.kind === 'transaction' ? currentCase.suspiciousAmount : currentCase.actual)}","旧 /admin-api/*（见 api/queries.ts 与页面调用）","8852 未启用的旧页面；未调用旧远程服务"
"src/pages/ReconciliationCasePage.tsx","91","display","""未解释差异""","{currentCase.kind === 'transaction' ? '待核验' : formatAmount(currentCase.variance)}","旧 /admin-api/*（见 api/queries.ts 与页面调用）","8852 未启用的旧页面；未调用旧远程服务"
"src/pages/ReconciliationPage.tsx","21","display","{value}","","旧 /admin-api/*（见 api/queries.ts 与页面调用）","8852 未启用的旧页面；未调用旧远程服务"
"src/pages/ReconciliationPage.tsx","50","table-column","'核对关口'","'name' | ","旧 /admin-api/*（见 api/queries.ts 与页面调用）","8852 未启用的旧页面；未调用旧远程服务"
"src/pages/ReconciliationPage.tsx","51","table-column","'数据源'","'source' | ","旧 /admin-api/*（见 api/queries.ts 与页面调用）","8852 未启用的旧页面；未调用旧远程服务"
"src/pages/ReconciliationPage.tsx","52","table-column","'应有金额'","'expected' | (_, row) => formatAmount(row.expected)","旧 /admin-api/*（见 api/queries.ts 与页面调用）","8852 未启用的旧页面；未调用旧远程服务"
"src/pages/ReconciliationPage.tsx","53","table-column","'实有/合计'","'actual' | (_, row) => formatAmount(row.actual)","旧 /admin-api/*（见 api/queries.ts 与页面调用）","8852 未启用的旧页面；未调用旧远程服务"
"src/pages/ReconciliationPage.tsx","54","table-column","'差异'","'variance' | (_, row) => formatAmount(row.variance)","旧 /admin-api/*（见 api/queries.ts 与页面调用）","8852 未启用的旧页面；未调用旧远程服务"
"src/pages/ReconciliationPage.tsx","55","table-column","'覆盖率'","'coverage' | (_, row) => formatPercent(Math.round(numberValue(row.coverage) * 100), 100)","旧 /admin-api/*（见 api/queries.ts 与页面调用）","8852 未启用的旧页面；未调用旧远程服务"
"src/pages/ReconciliationPage.tsx","56","table-column","'结论'","'status' | ({ row }) => <Status value={String(row.status)} />","旧 /admin-api/*（见 api/queries.ts 与页面调用）","8852 未启用的旧页面；未调用旧远程服务"
"src/pages/ReconciliationPage.tsx","60","table-column","'通道'","'channel' | (_, row) => String(row.channelName || '-')","旧 /admin-api/*（见 api/queries.ts 与页面调用）","8852 未启用的旧页面；未调用旧远程服务"
"src/pages/ReconciliationPage.tsx","61","table-column","'资金池账户'","'account' | (_, row) => String(pickValue(row, ['accountName', 'accountId', 'apiAccountId']))","旧 /admin-api/*（见 api/queries.ts 与页面调用）","8852 未启用的旧页面；未调用旧远程服务"
"src/pages/ReconciliationPage.tsx","62","table-column","'账面应有'","'expected' | (_, row) => row.mapped ? formatAmount(row.expectedBalance, String(row.currency || 'USD')) : '未映射'","旧 /admin-api/*（见 api/queries.ts 与页面调用）","8852 未启用的旧页面；未调用旧远程服务"
"src/pages/ReconciliationPage.tsx","63","table-column","'渠道实有'","'actual' | (_, row) => formatAmount(row.actualBalance, String(row.currency || 'USD'))","旧 /admin-api/*（见 api/queries.ts 与页面调用）","8852 未启用的旧页面；未调用旧远程服务"
"src/pages/ReconciliationPage.tsx","64","table-column","'差异'","'variance' | (_, row) => row.mapped ? formatAmount(row.variance, String(row.currency || 'USD')) : '-'","旧 /admin-api/*（见 api/queries.ts 与页面调用）","8852 未启用的旧页面；未调用旧远程服务"
"src/pages/ReconciliationPage.tsx","65","table-column","'快照时间'","'snapshot' | (_, row) => formatDateTime(row.snapshotAt)","旧 /admin-api/*（见 api/queries.ts 与页面调用）","8852 未启用的旧页面；未调用旧远程服务"
"src/pages/ReconciliationPage.tsx","66","table-column","'核对状态'","'status' | ({ row }) => <Status value={String(row.status)} />","旧 /admin-api/*（见 api/queries.ts 与页面调用）","8852 未启用的旧页面；未调用旧远程服务"
"src/pages/ReconciliationPage.tsx","70","table-column","'等级'","'severity' | ({ row }) => <Status value={String(row.severity)} />","旧 /admin-api/*（见 api/queries.ts 与页面调用）","8852 未启用的旧页面；未调用旧远程服务"
"src/pages/ReconciliationPage.tsx","71","table-column","'调查事项'","'title' | ","旧 /admin-api/*（见 api/queries.ts 与页面调用）","8852 未启用的旧页面；未调用旧远程服务"
"src/pages/ReconciliationPage.tsx","72","table-column","'类型'","'kind' | (_, row) => ({ balance: '账实差异', channel: '渠道差异', 'data-quality': '数据缺口', transaction: '可疑交易' }[String(row.kind)] || row.kind)","旧 /admin-api/*（见 api/queries.ts 与页面调用）","8852 未启用的旧页面；未调用旧远程服务"
"src/pages/ReconciliationPage.tsx","73","table-column","'账实差异'","'variance' | (_, row) => numberValue(row.variance) ? formatAmount(row.variance) : '-'","旧 /admin-api/*（见 api/queries.ts 与页面调用）","8852 未启用的旧页面；未调用旧远程服务"
"src/pages/ReconciliationPage.tsx","74","table-column","'可疑金额'","'suspiciousAmount' | (_, row) => numberValue(row.suspiciousAmount) ? formatAmount(row.suspiciousAmount) : '-'","旧 /admin-api/*（见 api/queries.ts 与页面调用）","8852 未启用的旧页面；未调用旧远程服务"
"src/pages/ReconciliationPage.tsx","75","table-column","'证据置信度'","'confidence' | ","旧 /admin-api/*（见 api/queries.ts 与页面调用）","8852 未启用的旧页面；未调用旧远程服务"
"src/pages/ReconciliationPage.tsx","76","table-column","'下一步'","'nextStep' | ","旧 /admin-api/*（见 api/queries.ts 与页面调用）","8852 未启用的旧页面；未调用旧远程服务"
"src/pages/ReconciliationPage.tsx","80","table-column","'等级'","'severity' | ({ row }) => <Status value={String(row.severity)} />","旧 /admin-api/*（见 api/queries.ts 与页面调用）","8852 未启用的旧页面；未调用旧远程服务"
"src/pages/ReconciliationPage.tsx","81","table-column","'交易号'","'billId' | ","旧 /admin-api/*（见 api/queries.ts 与页面调用）","8852 未启用的旧页面；未调用旧远程服务"
"src/pages/ReconciliationPage.tsx","82","table-column","'卡片'","'card' | (_, row) => maskCard(pickValue(row, ['cardNoMasked', 'cardId']))","旧 /admin-api/*（见 api/queries.ts 与页面调用）","8852 未启用的旧页面；未调用旧远程服务"
"src/pages/ReconciliationPage.tsx","83","table-column","'商户'","'merchant' | ","旧 /admin-api/*（见 api/queries.ts 与页面调用）","8852 未启用的旧页面；未调用旧远程服务"
"src/pages/ReconciliationPage.tsx","84","table-column","'金额'","'amount' | (_, row) => formatAmount(row.amount, String(row.currency || 'USD'))","旧 /admin-api/*（见 api/queries.ts 与页面调用）","8852 未启用的旧页面；未调用旧远程服务"
"src/pages/ReconciliationPage.tsx","85","table-column","'调查分'","'score' | ","旧 /admin-api/*（见 api/queries.ts 与页面调用）","8852 未启用的旧页面；未调用旧远程服务"
"src/pages/ReconciliationPage.tsx","86","table-column","'命中证据'","'signals' | (_, row) => Array.isArray(row.signals) ? row.signals.join('；') : '-'","旧 /admin-api/*（见 api/queries.ts 与页面调用）","8852 未启用的旧页面；未调用旧远程服务"
"src/pages/ReconciliationPage.tsx","87","table-column","'发生时间'","'time' | (_, row) => formatDateTime(row.occurredAt)","旧 /admin-api/*（见 api/queries.ts 与页面调用）","8852 未启用的旧页面；未调用旧远程服务"
"src/pages/ReconciliationPage.tsx","114","display","""对账结论""","{model.status}","旧 /admin-api/*（见 api/queries.ts 与页面调用）","8852 未启用的旧页面；未调用旧远程服务"
"src/pages/ReconciliationPage.tsx","115","display","""最大未解释差异""","{formatAmount(model.maxUnexplainedVariance)}","旧 /admin-api/*（见 api/queries.ts 与页面调用）","8852 未启用的旧页面；未调用旧远程服务"
"src/pages/ReconciliationPage.tsx","116","display","""渠道账面 / 实有""","{formatAmount(model.totals.channelActual)}","旧 /admin-api/*（见 api/queries.ts 与页面调用）","8852 未启用的旧页面；未调用旧远程服务"
"src/pages/ReconciliationPage.tsx","117","display","""高等级可疑交易""","{formatNumber(criticalFraud.length)}","旧 /admin-api/*（见 api/queries.ts 与页面调用）","8852 未启用的旧页面；未调用旧远程服务"
"src/pages/ReconciliationPage.tsx","118","display","""数据可信度""","{model.quality.confidence}","旧 /admin-api/*（见 api/queries.ts 与页面调用）","8852 未启用的旧页面；未调用旧远程服务"
"src/pages/ReportsPage.tsx","35","table-column","'账户'","'account' | (_, row) => String(pickValue(row, ['email', 'userId']))","旧 /admin-api/*（见 api/queries.ts 与页面调用）","8852 未启用的旧页面；未调用旧远程服务"
"src/pages/ReportsPage.tsx","36","table-column","'类型'","'type' | (_, row) => String(pickValue(row, ['accountTypeLabel', 'accountType']))","旧 /admin-api/*（见 api/queries.ts 与页面调用）","8852 未启用的旧页面；未调用旧远程服务"
"src/pages/ReportsPage.tsx","37","table-column","'法币可用'","'fiat' | (_, row) => formatAmount(row.fiatAvailableAmount)","旧 /admin-api/*（见 api/queries.ts 与页面调用）","8852 未启用的旧页面；未调用旧远程服务"
"src/pages/ReportsPage.tsx","38","table-column","'数字资产'","'digital' | (_, row) => formatAmount(row.digitalAvailableAmount)","旧 /admin-api/*（见 api/queries.ts 与页面调用）","8852 未启用的旧页面；未调用旧远程服务"
"src/pages/ReportsPage.tsx","39","table-column","'卡片余额'","'card' | (_, row) => formatAmount(row.cardAvailableAmount)","旧 /admin-api/*（见 api/queries.ts 与页面调用）","8852 未启用的旧页面；未调用旧远程服务"
"src/pages/ReportsPage.tsx","40","table-column","'账面剩余'","'book' | (_, row) => formatAmount(row.bookRemainingAmount)","旧 /admin-api/*（见 api/queries.ts 与页面调用）","8852 未启用的旧页面；未调用旧远程服务"
"src/pages/ReportsPage.tsx","41","table-column","'卡实际消费'","'consumption' | (_, row) => formatAmount(row.cardActualConsumptionAmount)","旧 /admin-api/*（见 api/queries.ts 与页面调用）","8852 未启用的旧页面；未调用旧远程服务"
"src/pages/ReportsPage.tsx","42","table-column","'实际授信'","'credit' | (_, row) => formatAmount(row.realCreditLimitAmount)","旧 /admin-api/*（见 api/queries.ts 与页面调用）","8852 未启用的旧页面；未调用旧远程服务"
"src/pages/ReportsPage.tsx","46","table-column","'通道'","'channel' | (_, row) => String(pickValue(row, ['channelName']))","旧 /admin-api/*（见 api/queries.ts 与页面调用）","8852 未启用的旧页面；未调用旧远程服务"
"src/pages/ReportsPage.tsx","47","table-column","'通道账户'","'name' | (_, row) => String(pickValue(row, ['accountName', 'accountId', 'apiAccountId']))","旧 /admin-api/*（见 api/queries.ts 与页面调用）","8852 未启用的旧页面；未调用旧远程服务"
"src/pages/ReportsPage.tsx","48","table-column","'币种'","'currency' | (_, row) => String(pickValue(row, ['currency']))","旧 /admin-api/*（见 api/queries.ts 与页面调用）","8852 未启用的旧页面；未调用旧远程服务"
"src/pages/ReportsPage.tsx","49","table-column","'可用余额'","'available' | (_, row) => formatAmount(row.availableBalance, String(row.currency || 'USD'))","旧 /admin-api/*（见 api/queries.ts 与页面调用）","8852 未启用的旧页面；未调用旧远程服务"
"src/pages/ReportsPage.tsx","50","table-column","'冻结余额'","'frozen' | (_, row) => formatAmount(row.frozenBalance, String(row.currency || 'USD'))","旧 /admin-api/*（见 api/queries.ts 与页面调用）","8852 未启用的旧页面；未调用旧远程服务"
"src/pages/ReportsPage.tsx","51","table-column","'累计消费'","'spend' | (_, row) => formatAmount(row.totalSpend, String(row.currency || 'USD'))","旧 /admin-api/*（见 api/queries.ts 与页面调用）","8852 未启用的旧页面；未调用旧远程服务"
"src/pages/ReportsPage.tsx","52","table-column","'拉取状态'","'status' | ({ row }) => <StatusChip value={row.fetchStatus} />","旧 /admin-api/*（见 api/queries.ts 与页面调用）","8852 未启用的旧页面；未调用旧远程服务"
"src/pages/ReportsPage.tsx","53","table-column","'快照时间'","'snapshot' | (_, row) => formatDateTime(row.snapshotTimeText)","旧 /admin-api/*（见 api/queries.ts 与页面调用）","8852 未启用的旧页面；未调用旧远程服务"
"src/pages/ReportsPage.tsx","90","display","""资金来源""","{formatAmount(totals.fundsSourceAmount)}","旧 /admin-api/*（见 api/queries.ts 与页面调用）","8852 未启用的旧页面；未调用旧远程服务"
"src/pages/ReportsPage.tsx","91","display","""当前剩余""","{formatAmount(pickValue(remaining, ['bookRemainingAmount', 'totalAmount']))}","旧 /admin-api/*（见 api/queries.ts 与页面调用）","8852 未启用的旧页面；未调用旧远程服务"
"src/pages/ReportsPage.tsx","92","display","""已确认收入""","{formatAmount(pickValue(income, ['grossIncomeAmount', 'totalAmount']))}","旧 /admin-api/*（见 api/queries.ts 与页面调用）","8852 未启用的旧页面；未调用旧远程服务"
"src/pages/ReportsPage.tsx","93","display","""当前资金对账""","{String(pickValue(reconciliation, ['confirmedText', 'expectedText']))}","旧 /admin-api/*（见 api/queries.ts 与页面调用）","8852 未启用的旧页面；未调用旧远程服务"
"src/pages/RevenueEventPage.tsx","35","table-column","'发生时间'","'time' | (_, row) => formatDateTime(row.occurredAt)","旧 /admin-api/*（见 api/queries.ts 与页面调用）","8852 未启用的旧页面；未调用旧远程服务"
"src/pages/RevenueEventPage.tsx","36","table-column","'收入项目'","'type' | (_, row) => String(row.revenueTypeLabel)","旧 /admin-api/*（见 api/queries.ts 与页面调用）","8852 未启用的旧页面；未调用旧远程服务"
"src/pages/RevenueEventPage.tsx","37","table-column","'金额'","'amount' | (_, row) => formatAmount(row.amount, String(row.currency || 'USD'))","旧 /admin-api/*（见 api/queries.ts 与页面调用）","8852 未启用的旧页面；未调用旧远程服务"
"src/pages/RevenueEventPage.tsx","38","table-column","'状态'","'status' | (_, row) => String(row.statusLabel)","旧 /admin-api/*（见 api/queries.ts 与页面调用）","8852 未启用的旧页面；未调用旧远程服务"
"src/pages/RevenueEventPage.tsx","39","table-column","'来源单号'","'source' | (_, row) => String(row.sourceRef)","旧 /admin-api/*（见 api/queries.ts 与页面调用）","8852 未启用的旧页面；未调用旧远程服务"
"src/pages/RevenueEventPage.tsx","54","display","""收入金额""","{formatAmount(event.amount, event.currency)}","旧 /admin-api/*（见 api/queries.ts 与页面调用）","8852 未启用的旧页面；未调用旧远程服务"
"src/pages/RevenueEventPage.tsx","55","display","""确认状态""","{event.statusLabel}","旧 /admin-api/*（见 api/queries.ts 与页面调用）","8852 未启用的旧页面；未调用旧远程服务"
"src/pages/RevenueEventPage.tsx","56","display","""归属账户""","{event.userId || '-'}","旧 /admin-api/*（见 api/queries.ts 与页面调用）","8852 未启用的旧页面；未调用旧远程服务"
"src/pages/RevenueEventPage.tsx","57","display","""数据粒度""","{event.granularity === 'event' ? '逐笔' : '账户汇总'}","旧 /admin-api/*（见 api/queries.ts 与页面调用）","8852 未启用的旧页面；未调用旧远程服务"
"src/pages/RevenueEventPage.tsx","61","display","""收入事件ID""","{event.id}","旧 /admin-api/*（见 api/queries.ts 与页面调用）","8852 未启用的旧页面；未调用旧远程服务"
"src/pages/RevenueEventPage.tsx","62","display","""来源单号""","{event.sourceRef}","旧 /admin-api/*（见 api/queries.ts 与页面调用）","8852 未启用的旧页面；未调用旧远程服务"
"src/pages/RevenueEventPage.tsx","63","display","""发生时间""","{formatDateTime(event.occurredAt)}","旧 /admin-api/*（见 api/queries.ts 与页面调用）","8852 未启用的旧页面；未调用旧远程服务"
"src/pages/RevenueEventPage.tsx","64","display","""确认时间""","{formatDateTime(event.recognizedAt)}","旧 /admin-api/*（见 api/queries.ts 与页面调用）","8852 未启用的旧页面；未调用旧远程服务"
"src/pages/RevenueEventPage.tsx","65","display","""关联卡片""","{event.cardId ? maskCard(pickValue(event, ['cardNoMasked', 'cardId'])) : '-'}","旧 /admin-api/*（见 api/queries.ts 与页面调用）","8852 未启用的旧页面；未调用旧远程服务"
"src/pages/RevenueEventPage.tsx","66","display","""币种""","{event.currency}","旧 /admin-api/*（见 api/queries.ts 与页面调用）","8852 未启用的旧页面；未调用旧远程服务"
"src/pages/RevenuePage.tsx","21","display","{value}","","旧 /admin-api/*（见 api/queries.ts 与页面调用）","8852 未启用的旧页面；未调用旧远程服务"
"src/pages/RevenuePage.tsx","40","table-column","'收入发生时间'","'time' | (_, row) => formatDateTime(row.occurredAt)","旧 /admin-api/*（见 api/queries.ts 与页面调用）","8852 未启用的旧页面；未调用旧远程服务"
"src/pages/RevenuePage.tsx","41","table-column","'收入项目'","'type' | (_, row) => String(row.revenueTypeLabel)","旧 /admin-api/*（见 api/queries.ts 与页面调用）","8852 未启用的旧页面；未调用旧远程服务"
"src/pages/RevenuePage.tsx","42","table-column","'收入金额'","'amount' | (_, row) => formatAmount(row.amount, String(row.currency || 'USD'))","旧 /admin-api/*（见 api/queries.ts 与页面调用）","8852 未启用的旧页面；未调用旧远程服务"
"src/pages/RevenuePage.tsx","43","table-column","'确认状态'","'status' | ({ row }) => <RevenueStatus value={String(row.statusLabel)} />","旧 /admin-api/*（见 api/queries.ts 与页面调用）","8852 未启用的旧页面；未调用旧远程服务"
"src/pages/RevenuePage.tsx","44","table-column","'归属账户'","'account' | (_, row) => String(pickValue(row, ['userEmail', 'userId']))","旧 /admin-api/*（见 api/queries.ts 与页面调用）","8852 未启用的旧页面；未调用旧远程服务"
"src/pages/RevenuePage.tsx","45","table-column","'关联卡片'","'card' | (_, row) => row.cardId ? maskCard(pickValue(row, ['cardNoMasked', 'cardId'])) : '-'","旧 /admin-api/*（见 api/queries.ts 与页面调用）","8852 未启用的旧页面；未调用旧远程服务"
"src/pages/RevenuePage.tsx","46","table-column","'来源单号'","'reference' | (_, row) => String(row.sourceRef || '-')","旧 /admin-api/*（见 api/queries.ts 与页面调用）","8852 未启用的旧页面；未调用旧远程服务"
"src/pages/RevenuePage.tsx","47","table-column","'数据粒度'","'granularity' | (_, row) => row.granularity === 'event' ? '逐笔' : '账户汇总'","旧 /admin-api/*（见 api/queries.ts 与页面调用）","8852 未启用的旧页面；未调用旧远程服务"
"src/pages/RevenuePage.tsx","50","table-column","'账户'","'account' | (_, row) => String(pickValue(row, ['email', 'userId']))","旧 /admin-api/*（见 api/queries.ts 与页面调用）","8852 未启用的旧页面；未调用旧远程服务"
"src/pages/RevenuePage.tsx","51","table-column","'OTC手续费'","'otc' | (_, row) => formatAmount(row.otcRevenue)","旧 /admin-api/*（见 api/queries.ts 与页面调用）","8852 未启用的旧页面；未调用旧远程服务"
"src/pages/RevenuePage.tsx","52","table-column","'开卡费'","'card' | (_, row) => formatAmount(row.cardIssuanceRevenue)","旧 /admin-api/*（见 api/queries.ts 与页面调用）","8852 未启用的旧页面；未调用旧远程服务"
"src/pages/RevenuePage.tsx","53","table-column","'已确认收入'","'total' | (_, row) => formatAmount(row.totalRevenue)","旧 /admin-api/*（见 api/queries.ts 与页面调用）","8852 未启用的旧页面；未调用旧远程服务"
"src/pages/RevenuePage.tsx","54","table-column","'收入贡献'","'share' | (_, row) => formatPercent(row.totalRevenue, model?.recognized.total || 0)","旧 /admin-api/*（见 api/queries.ts 与页面调用）","8852 未启用的旧页面；未调用旧远程服务"
"src/pages/RevenuePage.tsx","55","table-column","'确认笔数'","'count' | (_, row) => model?.quality.granularity === '逐笔' ? formatNumber(row.recognizedCount) : '不可用'","旧 /admin-api/*（见 api/queries.ts 与页面调用）","8852 未启用的旧页面；未调用旧远程服务"
"src/pages/RevenuePage.tsx","82","display","""已确认收入""","{formatAmount(model.recognized.total)}","旧 /admin-api/*（见 api/queries.ts 与页面调用）","8852 未启用的旧页面；未调用旧远程服务"
"src/pages/RevenuePage.tsx","83","display","""OTC手续费""","{formatAmount(model.recognized.otc)}","旧 /admin-api/*（见 api/queries.ts 与页面调用）","8852 未启用的旧页面；未调用旧远程服务"
"src/pages/RevenuePage.tsx","84","display","""开卡费""","{formatAmount(model.recognized.cardIssuance)}","旧 /admin-api/*（见 api/queries.ts 与页面调用）","8852 未启用的旧页面；未调用旧远程服务"
"src/pages/RevenuePage.tsx","85","display","""待确认收入""","{formatAmount(model.pending.total)}","旧 /admin-api/*（见 api/queries.ts 与页面调用）","8852 未启用的旧页面；未调用旧远程服务"
"src/pages/RevenuePage.tsx","86","display","""已冲回金额""","{formatAmount(model.reversed.total)}","旧 /admin-api/*（见 api/queries.ts 与页面调用）","8852 未启用的旧页面；未调用旧远程服务"
"src/pages/RiskPage.tsx","42","table-column","'账户'","'email' | (_, row) => String(pickValue(row, ['email', 'userId']))","旧 /admin-api/*（见 api/queries.ts 与页面调用）","8852 未启用的旧页面；未调用旧远程服务"
"src/pages/RiskPage.tsx","43","table-column","'类型'","'accountType' | (_, row) => String(pickValue(row, ['accountTypeLabel', 'accountType']))","旧 /admin-api/*（见 api/queries.ts 与页面调用）","8852 未启用的旧页面；未调用旧远程服务"
"src/pages/RiskPage.tsx","44","table-column","'风险等级'","'risk' | ({ row }) => <StatusChip value={pickValue(row, ['riskLevelLabel', 'riskLevel'])} />","旧 /admin-api/*（见 api/queries.ts 与页面调用）","8852 未启用的旧页面；未调用旧远程服务"
"src/pages/RiskPage.tsx","45","table-column","'资金使用率'","'usage' | (_, row) => `${pickValue(row, ['fundUsagePercent'], 0)}%`","旧 /admin-api/*（见 api/queries.ts 与页面调用）","8852 未启用的旧页面；未调用旧远程服务"
"src/pages/RiskPage.tsx","46","table-column","'实际剩余'","'remaining' | (_, row) => formatAmount(row.actualRemainingAvailableAmount)","旧 /admin-api/*（见 api/queries.ts 与页面调用）","8852 未启用的旧页面；未调用旧远程服务"
"src/pages/RiskPage.tsx","47","table-column","'自有资金'","'ownFunds' | (_, row) => formatAmount(row.ownFundsTotalAmount)","旧 /admin-api/*（见 api/queries.ts 与页面调用）","8852 未启用的旧页面；未调用旧远程服务"
"src/pages/RiskPage.tsx","48","table-column","'授信额度'","'credit' | (_, row) => formatAmount(pickValue(row, ['realCreditLimit', 'creditLimit'], 0))","旧 /admin-api/*（见 api/queries.ts 与页面调用）","8852 未启用的旧页面；未调用旧远程服务"
"src/pages/RiskPage.tsx","49","table-column","'命中规则'","'rules' | (_, row) => String(pickValue(row, ['matchedRules']))","旧 /admin-api/*（见 api/queries.ts 与页面调用）","8852 未启用的旧页面；未调用旧远程服务"
"src/pages/RiskPage.tsx","56","table-column","'卡片'","'card' | (_, row) => maskCard(pickValue(row, ['cardNo', 'cardNoMasked', 'cardId']))","旧 /admin-api/*（见 api/queries.ts 与页面调用）","8852 未启用的旧页面；未调用旧远程服务"
"src/pages/RiskPage.tsx","57","table-column","'所属账户'","'customer' | (_, row) => String(pickValue(row, ['userEmail', 'userId']))","旧 /admin-api/*（见 api/queries.ts 与页面调用）","8852 未启用的旧页面；未调用旧远程服务"
"src/pages/RiskPage.tsx","58","table-column","'风险等级'","'risk' | ({ row }) => <StatusChip value={pickValue(row, ['riskLevelLabel', 'riskLevel'])} />","旧 /admin-api/*（见 api/queries.ts 与页面调用）","8852 未启用的旧页面；未调用旧远程服务"
"src/pages/RiskPage.tsx","59","table-column","'可用余额'","'balance' | (_, row) => formatAmount(row.availableBalance)","旧 /admin-api/*（见 api/queries.ts 与页面调用）","8852 未启用的旧页面；未调用旧远程服务"
"src/pages/RiskPage.tsx","60","table-column","'累计充值'","'deposit' | (_, row) => formatAmount(row.totalDepositAmount)","旧 /admin-api/*（见 api/queries.ts 与页面调用）","8852 未启用的旧页面；未调用旧远程服务"
"src/pages/RiskPage.tsx","61","table-column","'累计消费'","'spent' | (_, row) => formatAmount(row.totalConsumptionAmount)","旧 /admin-api/*（见 api/queries.ts 与页面调用）","8852 未启用的旧页面；未调用旧远程服务"
"src/pages/RiskPage.tsx","62","table-column","'累计退款'","'refund' | (_, row) => formatAmount(row.totalRefundAmount)","旧 /admin-api/*（见 api/queries.ts 与页面调用）","8852 未启用的旧页面；未调用旧远程服务"
"src/pages/RiskPage.tsx","101","display","""预警账户""","{formatNumber(warningStats.warningUserCount)}","旧 /admin-api/*（见 api/queries.ts 与页面调用）","8852 未启用的旧页面；未调用旧远程服务"
"src/pages/RiskPage.tsx","102","display","""高风险账户""","{formatNumber(warningStats.highRiskCount)}","旧 /admin-api/*（见 api/queries.ts 与页面调用）","8852 未启用的旧页面；未调用旧远程服务"
"src/pages/RiskPage.tsx","103","display","""风险卡片""","{formatNumber(cardStats.riskCardCount)}","旧 /admin-api/*（见 api/queries.ts 与页面调用）","8852 未启用的旧页面；未调用旧远程服务"
"src/pages/RiskPage.tsx","104","display","""负余额账户""","{formatNumber(negativeRemaining)}","旧 /admin-api/*（见 api/queries.ts 与页面调用）","8852 未启用的旧页面；未调用旧远程服务"
"src/pages/RiskPage.tsx","119","display","{`账户预警 ${warningRows.length}`}","""accounts""","旧 /admin-api/*（见 api/queries.ts 与页面调用）","8852 未启用的旧页面；未调用旧远程服务"
"src/pages/RiskPage.tsx","120","display","{`风险卡片 ${cardRows.length}`}","""cards""","旧 /admin-api/*（见 api/queries.ts 与页面调用）","8852 未启用的旧页面；未调用旧远程服务"
"src/pages/TransactionDetailPage.tsx","51","table-column","'交易号'","'bill' | (_, row) => String(pickValue(row, ['billId', 'id']))","旧 /admin-api/*（见 api/queries.ts 与页面调用）","8852 未启用的旧页面；未调用旧远程服务"
"src/pages/TransactionDetailPage.tsx","52","table-column","'商户/说明'","'merchant' | (_, row) => String(pickValue(row, ['merchantName', 'tradeDetail']))","旧 /admin-api/*（见 api/queries.ts 与页面调用）","8852 未启用的旧页面；未调用旧远程服务"
"src/pages/TransactionDetailPage.tsx","53","table-column","'类型'","'type' | (_, row) => String(pickValue(row, ['billTypeLabel', 'billType']))","旧 /admin-api/*（见 api/queries.ts 与页面调用）","8852 未启用的旧页面；未调用旧远程服务"
"src/pages/TransactionDetailPage.tsx","54","table-column","'状态'","'status' | ({ row }) => <StatusChip value={pickValue(row, ['tradeStatusLabel', 'tradeStatus'])} />","旧 /admin-api/*（见 api/queries.ts 与页面调用）","8852 未启用的旧页面；未调用旧远程服务"
"src/pages/TransactionDetailPage.tsx","55","table-column","'金额'","'amount' | (_, row) => formatAmount(row.amount, String(row.currency || 'USD'))","旧 /admin-api/*（见 api/queries.ts 与页面调用）","8852 未启用的旧页面；未调用旧远程服务"
"src/pages/TransactionDetailPage.tsx","56","table-column","'完成时间'","'time' | (_, row) => formatDateTime(pickValue(row, ['finishTime', 'createTime']))","旧 /admin-api/*（见 api/queries.ts 与页面调用）","8852 未启用的旧页面；未调用旧远程服务"
"src/pages/TransactionDetailPage.tsx","87","display","""交易金额""","{amount}","旧 /admin-api/*（见 api/queries.ts 与页面调用）","8852 未启用的旧页面；未调用旧远程服务"
"src/pages/TransactionDetailPage.tsx","88","display","""处理状态""","{String(pickValue(detail, ['tradeStatusLabel', 'tradeStatus']))}","旧 /admin-api/*（见 api/queries.ts 与页面调用）","8852 未启用的旧页面；未调用旧远程服务"
"src/pages/TransactionDetailPage.tsx","89","display","""同卡近期交易""","{formatNumber(related.length)}","旧 /admin-api/*（见 api/queries.ts 与页面调用）","8852 未启用的旧页面；未调用旧远程服务"
"src/pages/TransactionDetailPage.tsx","90","display","""账户风险""","{String(pickValue(risk, ['riskLevelLabel', 'riskLevel'], '正常'))}","旧 /admin-api/*（见 api/queries.ts 与页面调用）","8852 未启用的旧页面；未调用旧远程服务"
"src/pages/TransactionDetailPage.tsx","95","display","""交易详情""","""overview""","旧 /admin-api/*（见 api/queries.ts 与页面调用）","8852 未启用的旧页面；未调用旧远程服务"
"src/pages/TransactionDetailPage.tsx","96","display","{`同卡交易 ${related.length}`}","""related""","旧 /admin-api/*（见 api/queries.ts 与页面调用）","8852 未启用的旧页面；未调用旧远程服务"
"src/pages/TransactionDetailPage.tsx","97","display","""生命周期""","""lifecycle""","旧 /admin-api/*（见 api/queries.ts 与页面调用）","8852 未启用的旧页面；未调用旧远程服务"
"src/pages/TransactionDetailPage.tsx","98","display","{`账户风险 ${riskRows.length}`}","""risk""","旧 /admin-api/*（见 api/queries.ts 与页面调用）","8852 未启用的旧页面；未调用旧远程服务"
"src/pages/TransactionDetailPage.tsx","116","display","""风险等级""","{pickValue(risk, ['riskLevelLabel', 'riskLevel'])}","旧 /admin-api/*（见 api/queries.ts 与页面调用）","8852 未启用的旧页面；未调用旧远程服务"
"src/pages/TransactionDetailPage.tsx","116","display","""资金使用率""","{`${String(pickValue(risk, ['fundUsagePercent'], 0))}%`}","旧 /admin-api/*（见 api/queries.ts 与页面调用）","8852 未启用的旧页面；未调用旧远程服务"
"src/pages/TransactionDetailPage.tsx","116","display","""实际剩余""","{formatAmount(risk.actualRemainingAvailableAmount)}","旧 /admin-api/*（见 api/queries.ts 与页面调用）","8852 未启用的旧页面；未调用旧远程服务"
"src/pages/TransactionDetailPage.tsx","116","display","""命中规则""","{risk.matchedRules}","旧 /admin-api/*（见 api/queries.ts 与页面调用）","8852 未启用的旧页面；未调用旧远程服务"
"src/pages/TransactionDetailPage.tsx","123","display","""交易号""","{pickValue(detail, ['billId', 'id'], billId)}","旧 /admin-api/*（见 api/queries.ts 与页面调用）","8852 未启用的旧页面；未调用旧远程服务"
"src/pages/TransactionDetailPage.tsx","123","display","""卡交易ID""","{detail.cardTransactionId}","旧 /admin-api/*（见 api/queries.ts 与页面调用）","8852 未启用的旧页面；未调用旧远程服务"
"src/pages/TransactionDetailPage.tsx","124","display","""金额""","{amount}","旧 /admin-api/*（见 api/queries.ts 与页面调用）","8852 未启用的旧页面；未调用旧远程服务"
"src/pages/TransactionDetailPage.tsx","124","display","""交易类型""","{pickValue(detail, ['billTypeLabel', 'billType'])}","旧 /admin-api/*（见 api/queries.ts 与页面调用）","8852 未启用的旧页面；未调用旧远程服务"
"src/pages/TransactionDetailPage.tsx","125","display","""商户""","{detail.merchantName}","旧 /admin-api/*（见 api/queries.ts 与页面调用）","8852 未启用的旧页面；未调用旧远程服务"
"src/pages/TransactionDetailPage.tsx","125","display","""授权码""","{detail.tradeAuthCode}","旧 /admin-api/*（见 api/queries.ts 与页面调用）","8852 未启用的旧页面；未调用旧远程服务"
"src/pages/TransactionDetailPage.tsx","126","display","""创建时间""","{formatDateTime(detail.createTime)}","旧 /admin-api/*（见 api/queries.ts 与页面调用）","8852 未启用的旧页面；未调用旧远程服务"
"src/pages/TransactionDetailPage.tsx","126","display","""完成时间""","{formatDateTime(detail.finishTime)}","旧 /admin-api/*（见 api/queries.ts 与页面调用）","8852 未启用的旧页面；未调用旧远程服务"
"src/pages/TransactionDetailPage.tsx","127","display","""交易说明""","{pickValue(detail, ['tradeDetail', 'notes'])}","旧 /admin-api/*（见 api/queries.ts 与页面调用）","8852 未启用的旧页面；未调用旧远程服务"
"src/pages/TransactionDetailPage.tsx","132","display","""卡片""","{maskCard(pickValue(detail, ['cardNoMasked', 'cardNo'], cardId))}","旧 /admin-api/*（见 api/queries.ts 与页面调用）","8852 未启用的旧页面；未调用旧远程服务"
"src/pages/TransactionDetailPage.tsx","133","display","""客户账户""","{pickValue(detail, ['userEmail', 'email', 'userId'])}","旧 /admin-api/*（见 api/queries.ts 与页面调用）","8852 未启用的旧页面；未调用旧远程服务"
"src/pages/TransactionsOverviewPage.tsx","83","display","""今日交易金额""","{formatAmount(summary.todayTradeAmount)}","旧 /admin-api/*（见 api/queries.ts 与页面调用）","8852 未启用的旧页面；未调用旧远程服务"
"src/pages/TransactionsOverviewPage.tsx","84","display","""交易成功率""","{formatPercent(successTrades, totalTrades)}","旧 /admin-api/*（见 api/queries.ts 与页面调用）","8852 未启用的旧页面；未调用旧远程服务"
"src/pages/TransactionsOverviewPage.tsx","85","display","""交易失败率""","{formatPercent(failedTrades, totalTrades)}","旧 /admin-api/*（见 api/queries.ts 与页面调用）","8852 未启用的旧页面；未调用旧远程服务"
"src/pages/TransactionsOverviewPage.tsx","86","display","""待处理占比""","{formatPercent(pendingTrades, totalTrades)}","旧 /admin-api/*（见 api/queries.ts 与页面调用）","8852 未启用的旧页面；未调用旧远程服务"
"src/pages/TransactionsOverviewPage.tsx","144","display","{rows.length}","","旧 /admin-api/*（见 api/queries.ts 与页面调用）","8852 未启用的旧页面；未调用旧远程服务"
"src/pages/TransactionsPage.tsx","57","table-column","'交易号'","'billId' | (_, row) => String(pickValue(row, ['billId', 'cardTransactionId', 'id']))","旧 /admin-api/*（见 api/queries.ts 与页面调用）","8852 未启用的旧页面；未调用旧远程服务"
"src/pages/TransactionsPage.tsx","58","table-column","'卡片'","'card' | (_, row) => maskCard(pickValue(row, ['cardNoMasked', 'cardNo', 'cardId']))","旧 /admin-api/*（见 api/queries.ts 与页面调用）","8852 未启用的旧页面；未调用旧远程服务"
"src/pages/TransactionsPage.tsx","59","table-column","'客户'","'customer' | (_, row) => String(pickValue(row, ['userEmail', 'email', 'userId']))","旧 /admin-api/*（见 api/queries.ts 与页面调用）","8852 未启用的旧页面；未调用旧远程服务"
"src/pages/TransactionsPage.tsx","60","table-column","'商户/说明'","'merchant' | (_, row) => String(pickValue(row, ['merchantName', 'tradeDetail', 'notes']))","旧 /admin-api/*（见 api/queries.ts 与页面调用）","8852 未启用的旧页面；未调用旧远程服务"
"src/pages/TransactionsPage.tsx","61","table-column","'类型'","'type' | (_, row) => String(pickValue(row, ['billTypeLabel', 'billType']))","旧 /admin-api/*（见 api/queries.ts 与页面调用）","8852 未启用的旧页面；未调用旧远程服务"
"src/pages/TransactionsPage.tsx","62","table-column","'状态'","'status' | ({ row }) => <StatusChip value={pickValue(row, ['tradeStatusLabel', 'tradeStatus'])} labels={{ '0': '待处理', '1': '成功', '2': '失败' }} />","旧 /admin-api/*（见 api/queries.ts 与页面调用）","8852 未启用的旧页面；未调用旧远程服务"
"src/pages/TransactionsPage.tsx","63","table-column","'金额'","'amount' | (_, row) => formatAmount(row.amount, String(row.currency || 'USD'))","旧 /admin-api/*（见 api/queries.ts 与页面调用）","8852 未启用的旧页面；未调用旧远程服务"
"src/pages/TransactionsPage.tsx","64","table-column","'创建时间'","'created' | (_, row) => formatDateTime(row.createTime)","旧 /admin-api/*（见 api/queries.ts 与页面调用）","8852 未启用的旧页面；未调用旧远程服务"
"src/pages/TransactionsPage.tsx","65","table-column","'完成时间'","'finished' | (_, row) => formatDateTime(row.finishTime)","旧 /admin-api/*（见 api/queries.ts 与页面调用）","8852 未启用的旧页面；未调用旧远程服务"
"src/pages/TransactionsPage.tsx","92","display","{view.label}","","旧 /admin-api/*（见 api/queries.ts 与页面调用）","8852 未启用的旧页面；未调用旧远程服务"
"src/pages/TransactionsPage.tsx","116","input/filter","""交易号""","{keyword}","旧 /admin-api/*（见 api/queries.ts 与页面调用）","8852 未启用的旧页面；未调用旧远程服务"
"src/pages/TransactionsPage.tsx","117","input/filter","""客户邮箱""","{email}","旧 /admin-api/*（见 api/queries.ts 与页面调用）","8852 未启用的旧页面；未调用旧远程服务"
"src/pages/TransactionsPage.tsx","118","input/filter","""交易状态""","{status}","旧 /admin-api/*（见 api/queries.ts 与页面调用）","8852 未启用的旧页面；未调用旧远程服务"
"src/pages/UserCardAssetDetailPage.tsx","45","table-column","'卡片'","'card' | (_, row) => maskCard(pickValue(row, ['cardNoMasked', 'cardNo', 'cardId']))","旧 /admin-api/*（见 api/queries.ts 与页面调用）","8852 未启用的旧页面；未调用旧远程服务"
"src/pages/UserCardAssetDetailPage.tsx","46","table-column","'名称'","'name' | (_, row) => String(pickValue(row, ['cardName', 'note']))","旧 /admin-api/*（见 api/queries.ts 与页面调用）","8852 未启用的旧页面；未调用旧远程服务"
"src/pages/UserCardAssetDetailPage.tsx","47","table-column","'BIN'","'bin' | (_, row) => String(pickValue(row, ['cardBin']))","旧 /admin-api/*（见 api/queries.ts 与页面调用）","8852 未启用的旧页面；未调用旧远程服务"
"src/pages/UserCardAssetDetailPage.tsx","48","table-column","'通道'","'channel' | (_, row) => String(pickValue(row, ['apiAccountLabel', 'apiAccountId']))","旧 /admin-api/*（见 api/queries.ts 与页面调用）","8852 未启用的旧页面；未调用旧远程服务"
"src/pages/UserCardAssetDetailPage.tsx","49","table-column","'状态'","'status' | ({ row }) => <StatusChip value={pickValue(row, ['cardStatusLabel', 'cardStatus'])} />","旧 /admin-api/*（见 api/queries.ts 与页面调用）","8852 未启用的旧页面；未调用旧远程服务"
"src/pages/UserCardAssetDetailPage.tsx","50","table-column","'余额'","'balance' | (_, row) => formatAmount(pickValue(row, ['cardBalance', 'availableBalance'], 0))","旧 /admin-api/*（见 api/queries.ts 与页面调用）","8852 未启用的旧页面；未调用旧远程服务"
"src/pages/UserCardAssetDetailPage.tsx","51","table-column","'创建时间'","'created' | (_, row) => formatDateTime(row.createTime)","旧 /admin-api/*（见 api/queries.ts 与页面调用）","8852 未启用的旧页面；未调用旧远程服务"
"src/pages/UserCardAssetDetailPage.tsx","55","table-column","'交易号'","'bill' | (_, row) => String(pickValue(row, ['billId', 'id']))","旧 /admin-api/*（见 api/queries.ts 与页面调用）","8852 未启用的旧页面；未调用旧远程服务"
"src/pages/UserCardAssetDetailPage.tsx","56","table-column","'卡片'","'card' | (_, row) => maskCard(pickValue(row, ['cardNoMasked', 'cardNo', 'cardId']))","旧 /admin-api/*（见 api/queries.ts 与页面调用）","8852 未启用的旧页面；未调用旧远程服务"
"src/pages/UserCardAssetDetailPage.tsx","57","table-column","'商户/说明'","'merchant' | (_, row) => String(pickValue(row, ['merchantName', 'tradeDetail']))","旧 /admin-api/*（见 api/queries.ts 与页面调用）","8852 未启用的旧页面；未调用旧远程服务"
"src/pages/UserCardAssetDetailPage.tsx","58","table-column","'状态'","'status' | ({ row }) => <StatusChip value={pickValue(row, ['tradeStatusLabel', 'tradeStatus'])} />","旧 /admin-api/*（见 api/queries.ts 与页面调用）","8852 未启用的旧页面；未调用旧远程服务"
"src/pages/UserCardAssetDetailPage.tsx","59","table-column","'金额'","'amount' | (_, row) => formatAmount(row.amount, String(row.currency || 'USD'))","旧 /admin-api/*（见 api/queries.ts 与页面调用）","8852 未启用的旧页面；未调用旧远程服务"
"src/pages/UserCardAssetDetailPage.tsx","60","table-column","'完成时间'","'time' | (_, row) => formatDateTime(pickValue(row, ['finishTime', 'createTime']))","旧 /admin-api/*（见 api/queries.ts 与页面调用）","8852 未启用的旧页面；未调用旧远程服务"
"src/pages/UserCardAssetDetailPage.tsx","64","table-column","'记录ID'","'id' | (_, row) => String(pickValue(row, ['otpRecordId', 'id']))","旧 /admin-api/*（见 api/queries.ts 与页面调用）","8852 未启用的旧页面；未调用旧远程服务"
"src/pages/UserCardAssetDetailPage.tsx","65","table-column","'卡片'","'card' | (_, row) => maskCard(pickValue(row, ['cardNoMasked', 'cardNo', 'cardId']))","旧 /admin-api/*（见 api/queries.ts 与页面调用）","8852 未启用的旧页面；未调用旧远程服务"
"src/pages/UserCardAssetDetailPage.tsx","66","table-column","'状态'","'status' | ({ row }) => <StatusChip value={pickValue(row, ['statusLabel', 'status'])} />","旧 /admin-api/*（见 api/queries.ts 与页面调用）","8852 未启用的旧页面；未调用旧远程服务"
"src/pages/UserCardAssetDetailPage.tsx","67","table-column","'接收时间'","'time' | (_, row) => formatDateTime(row.createTime)","旧 /admin-api/*（见 api/queries.ts 与页面调用）","8852 未启用的旧页面；未调用旧远程服务"
"src/pages/UserCardAssetDetailPage.tsx","96","display","""卡片数量""","{formatNumber(summary.cardCount)}","旧 /admin-api/*（见 api/queries.ts 与页面调用）","8852 未启用的旧页面；未调用旧远程服务"
"src/pages/UserCardAssetDetailPage.tsx","97","display","""卡片总余额""","{formatAmount(summary.totalCardBalance)}","旧 /admin-api/*（见 api/queries.ts 与页面调用）","8852 未启用的旧页面；未调用旧远程服务"
"src/pages/UserCardAssetDetailPage.tsx","98","display","""近30日交易""","{formatAmount(summary.tradeAmount30d)}","旧 /admin-api/*（见 api/queries.ts 与页面调用）","8852 未启用的旧页面；未调用旧远程服务"
"src/pages/UserCardAssetDetailPage.tsx","99","display","""风险等级""","{String(pickValue(risk, ['riskLevelLabel', 'riskLevel'], '正常'))}","旧 /admin-api/*（见 api/queries.ts 与页面调用）","8852 未启用的旧页面；未调用旧远程服务"
"src/pages/UserCardAssetDetailPage.tsx","104","display","{`卡片 ${Number(cardsPage.total || cards.length)}`}","""cards""","旧 /admin-api/*（见 api/queries.ts 与页面调用）","8852 未启用的旧页面；未调用旧远程服务"
"src/pages/UserCardAssetDetailPage.tsx","105","display","{`近期交易 ${bills.length}`}","""transactions""","旧 /admin-api/*（见 api/queries.ts 与页面调用）","8852 未启用的旧页面；未调用旧远程服务"
"src/pages/UserCardAssetDetailPage.tsx","106","display","{`近期 OTP ${otps.length}`}","""otp""","旧 /admin-api/*（见 api/queries.ts 与页面调用）","8852 未启用的旧页面；未调用旧远程服务"
"src/pages/UserCardAssetDetailPage.tsx","107","display","{`资金风险 ${riskRows.length}`}","""risk""","旧 /admin-api/*（见 api/queries.ts 与页面调用）","8852 未启用的旧页面；未调用旧远程服务"
"src/pages/UserCardAssetDetailPage.tsx","120","display","""资金使用率""","{`${String(pickValue(risk, ['fundUsagePercent'], 0))}%`}","旧 /admin-api/*（见 api/queries.ts 与页面调用）","8852 未启用的旧页面；未调用旧远程服务"
"src/pages/UserCardAssetDetailPage.tsx","121","display","""实际剩余""","{formatAmount(risk.actualRemainingAvailableAmount)}","旧 /admin-api/*（见 api/queries.ts 与页面调用）","8852 未启用的旧页面；未调用旧远程服务"
"src/pages/UserCardAssetsPage.tsx","42","table-column","'账户'","'account' | (_, row) => String(pickValue(row, ['userEmail', 'userId']))","旧 /admin-api/*（见 api/queries.ts 与页面调用）","8852 未启用的旧页面；未调用旧远程服务"
"src/pages/UserCardAssetsPage.tsx","43","table-column","'卡片数'","'cards' | (_, row) => formatNumber(row.cardCount)","旧 /admin-api/*（见 api/queries.ts 与页面调用）","8852 未启用的旧页面；未调用旧远程服务"
"src/pages/UserCardAssetsPage.tsx","44","table-column","'活跃卡'","'active' | (_, row) => formatNumber(row.activeCardCount)","旧 /admin-api/*（见 api/queries.ts 与页面调用）","8852 未启用的旧页面；未调用旧远程服务"
"src/pages/UserCardAssetsPage.tsx","45","table-column","'卡片总余额'","'balance' | (_, row) => formatAmount(row.totalCardBalance)","旧 /admin-api/*（见 api/queries.ts 与页面调用）","8852 未启用的旧页面；未调用旧远程服务"
"src/pages/UserCardAssetsPage.tsx","46","table-column","'近30日交易'","'trade30d' | (_, row) => formatAmount(row.tradeAmount30d)","旧 /admin-api/*（见 api/queries.ts 与页面调用）","8852 未启用的旧页面；未调用旧远程服务"
"src/pages/UserCardAssetsPage.tsx","47","table-column","'最近交易'","'lastTrade' | (_, row) => formatDateTime(row.lastTradeTime)","旧 /admin-api/*（见 api/queries.ts 与页面调用）","8852 未启用的旧页面；未调用旧远程服务"
"src/pages/UserCardAssetsPage.tsx","48","table-column","'最近 OTP'","'lastOtp' | (_, row) => formatDateTime(row.lastOtpTime)","旧 /admin-api/*（见 api/queries.ts 与页面调用）","8852 未启用的旧页面；未调用旧远程服务"
"src/pages/UserCardAssetsPage.tsx","49","table-column","'风险标签'","'risk' | ({ row }) => <StatusChip value={pickValue(row, ['riskTag'], '正常')} />","旧 /admin-api/*（见 api/queries.ts 与页面调用）","8852 未启用的旧页面；未调用旧远程服务"
"src/pages/UserCardAssetsPage.tsx","56","input/filter","""客户邮箱""","{email}","旧 /admin-api/*（见 api/queries.ts 与页面调用）","8852 未启用的旧页面；未调用旧远程服务"
"src/portal/CardCenter.tsx","74","display","{card.slash ? `${sourceStatusLabels[card.slash.source.status||'']||'未知状态'} · ${card.slash.source.status||'—'}${card.frozen&&card.slash.source.status==='active'?' · 内部已冻结':''}` : statusLabels[value]}","","portal/{state,action,transactions,messages,bin-products}","本地持久化 Demo；非本地内存演示"
"src/portal/CardCenter.tsx","86","display","{entry.statusText||entry.status}","","portal/{state,action,transactions,messages,bin-products}","本地持久化 Demo；非本地内存演示"
"src/portal/CardCenter.tsx","389","display","{`${label} ${key === ""all"" ? counts.length : counts.filter((c) => cardStatus(c) === key).length}`}","{key}","portal/{state,action,transactions,messages,bin-products}","本地持久化 Demo；非本地内存演示"
"src/portal/CardCenter.tsx","405","input/filter","""卡片名称、BIN、尾号或项目""","{query.q}","portal/{state,action,transactions,messages,bin-products}","本地持久化 Demo；非本地内存演示"
"src/portal/CardCenter.tsx","411","input/filter","""卡BIN产品""","{query.productId}","portal/{state,action,transactions,messages,bin-products}","本地持久化 Demo；非本地内存演示"
"src/portal/CardCenter.tsx","454","input/filter","""投放平台""","{query.platform}","portal/{state,action,transactions,messages,bin-products}","本地持久化 Demo；非本地内存演示"
"src/portal/CardCenter.tsx","472","input/filter","""最低余额 · USD""","{query.min}","portal/{state,action,transactions,messages,bin-products}","本地持久化 Demo；非本地内存演示"
"src/portal/CardCenter.tsx","478","input/filter","""最高余额 · USD""","{query.max}","portal/{state,action,transactions,messages,bin-products}","本地持久化 Demo；非本地内存演示"
"src/portal/CardCenter.tsx","484","input/filter","""开卡开始日期""","{query.start}","portal/{state,action,transactions,messages,bin-products}","本地持久化 Demo；非本地内存演示"
"src/portal/CardCenter.tsx","491","input/filter","""开卡结束日期""","{query.end}","portal/{state,action,transactions,messages,bin-products}","本地持久化 Demo；非本地内存演示"
"src/portal/CardCenter.tsx","508","display","""低余额 · < 200 USD""","","portal/{state,action,transactions,messages,bin-products}","本地持久化 Demo；非本地内存演示"
"src/portal/CardCenter.tsx","519","display","{label}","","portal/{state,action,transactions,messages,bin-products}","本地持久化 Demo；非本地内存演示"
"src/portal/CardCenter.tsx","997","display","{ key === ""overview"" ? label : `${label} ${state.unified ? cardSummary?.groupCounts?.[key]??'—' : related.filter((e) => cardRecordTab(e) === key).length}` }","{key}","portal/{state,action,transactions,messages,bin-products}","本地持久化 Demo；非本地内存演示"
"src/portal/CardCenter.tsx","1051","display","""低于 200 USD，建议补充预算""","","portal/{state,action,transactions,messages,bin-products}","本地持久化 Demo；非本地内存演示"
"src/portal/CardCenter.tsx","1236","input/filter","""商户、名称或记录编号""","{q}","portal/{state,action,transactions,messages,bin-products}","本地持久化 Demo；非本地内存演示"
"src/portal/CardCenter.tsx","1242","input/filter","""处理状态""","{status}","portal/{state,action,transactions,messages,bin-products}","本地持久化 Demo；非本地内存演示"
"src/portal/CardCenter.tsx","1255","input/filter","""业务类型""","{kind}","portal/{state,action,transactions,messages,bin-products}","本地持久化 Demo；非本地内存演示"
"src/portal/ClientHome.tsx","123","display","""暂未开通""","","Go /api/v1/me + /client-api/v1/customers/:id/{accounts,transactions}","正式认证与基础只读列表"
"src/portal/ClientHome.tsx","235","input/filter","""搜索交易编号""","{query}","Go /api/v1/me + /client-api/v1/customers/:id/{accounts,transactions}","正式认证与基础只读列表"
"src/portal/ClientHome.tsx","236","input/filter","""交易状态""","{status}","Go /api/v1/me + /client-api/v1/customers/:id/{accounts,transactions}","正式认证与基础只读列表"
"src/portal/ClientHome.tsx","384","input/filter","""当前个人 / 企业主体""","{customer.id}","Go /api/v1/me + /client-api/v1/customers/:id/{accounts,transactions}","正式认证与基础只读列表"
"src/portal/DashboardCharts.tsx","372","display","{`${total ? ((item.value / total) * 100).toFixed(1) : ""0""}%`}","","portal/{state,action,transactions,messages,bin-products}","本地持久化 Demo；非本地内存演示"
"src/portal/DashboardSections.tsx","252","display","{`${attention.length + orders.length} 项`}","","portal/{state,action,transactions,messages,bin-products}","本地持久化 Demo；非本地内存演示"
"src/portal/DashboardSections.tsx","304","display","{card.frozen ? ""已冻结"" : ""低余额""}","","portal/{state,action,transactions,messages,bin-products}","本地持久化 Demo；非本地内存演示"
"src/portal/DashboardSections.tsx","332","display","{order.status}","","portal/{state,action,transactions,messages,bin-products}","本地持久化 Demo；非本地内存演示"
"src/portal/DashboardSections.tsx","673","display","{`${orders.length} 笔处理中`}","","portal/{state,action,transactions,messages,bin-products}","本地持久化 Demo；非本地内存演示"
"src/portal/FinancePanel.tsx","64","display","{value}","","portal/{state,action,transactions,messages,bin-products}","本地持久化 Demo；非本地内存演示"
"src/portal/FinancePanel.tsx","407","display","{label}","{key}","portal/{state,action,transactions,messages,bin-products}","本地持久化 Demo；非本地内存演示"
"src/portal/FinancePanel.tsx","440","input/filter","""币种""","""USDT""","portal/{state,action,transactions,messages,bin-products}","本地持久化 Demo；非本地内存演示"
"src/portal/FinancePanel.tsx","445","input/filter","""充值网络""","""tron""","portal/{state,action,transactions,messages,bin-products}","本地持久化 Demo；非本地内存演示"
"src/portal/FinancePanel.tsx","459","input/filter","""演示充值地址""","{policy.depositAddress}","portal/{state,action,transactions,messages,bin-products}","本地持久化 Demo；非本地内存演示"
"src/portal/FinancePanel.tsx","490","input/filter","""预期充值数量 · USDT""","""amount""","portal/{state,action,transactions,messages,bin-products}","本地持久化 Demo；非本地内存演示"
"src/portal/FinancePanel.tsx","509","display","""充值手续费""","演示 0 USDT","portal/{state,action,transactions,messages,bin-products}","本地持久化 Demo；非本地内存演示"
"src/portal/FinancePanel.tsx","510","display","""网络与地址""","仅此演示网络 / 会话","portal/{state,action,transactions,messages,bin-products}","本地持久化 Demo；非本地内存演示"
"src/portal/FinancePanel.tsx","511","display","""确认要求""","演示控制区手动模拟","portal/{state,action,transactions,messages,bin-products}","本地持久化 Demo；非本地内存演示"
"src/portal/FinancePanel.tsx","528","display","""Demo""","","portal/{state,action,transactions,messages,bin-products}","本地持久化 Demo；非本地内存演示"
"src/portal/FinancePanel.tsx","536","input/filter","""原始资产""","{from}","portal/{state,action,transactions,messages,bin-products}","本地持久化 Demo；非本地内存演示"
"src/portal/FinancePanel.tsx","537","input/filter","""支付金额""","{amount}","portal/{state,action,transactions,messages,bin-products}","本地持久化 Demo；非本地内存演示"
"src/portal/FinancePanel.tsx","542","input/filter","""获得资产""","{to}","portal/{state,action,transactions,messages,bin-products}","本地持久化 Demo；非本地内存演示"
"src/portal/FinancePanel.tsx","543","input/filter","""预计获得数量""","{quote?toAmount(quote.receive,quote.to):'—'}","portal/{state,action,transactions,messages,bin-products}","本地持久化 Demo；非本地内存演示"
"src/portal/FinancePanel.tsx","553","display","{quoteValid?'报价有效':quote?'报价失效':'待获取报价'}","","portal/{state,action,transactions,messages,bin-products}","本地持久化 Demo；非本地内存演示"
"src/portal/FinancePanel.tsx","554","display","""兑换方向""","{from} →  {to}","portal/{state,action,transactions,messages,bin-products}","本地持久化 Demo；非本地内存演示"
"src/portal/FinancePanel.tsx","555","display","""支付金额""","{quote?asset(quote.amount,quote.from):'—'}","portal/{state,action,transactions,messages,bin-products}","本地持久化 Demo；非本地内存演示"
"src/portal/FinancePanel.tsx","556","display","{quote?.feeBps==null?""其中手续费"":`其中手续费 · ${quote.feeBps/100}%`}","{quote?asset(quote.fee,quote.from):'—'}","portal/{state,action,transactions,messages,bin-products}","本地持久化 Demo；非本地内存演示"
"src/portal/FinancePanel.tsx","557","display","""用于兑换的净额""","{quote?asset(quote.amount-quote.fee,quote.from):'—'}","portal/{state,action,transactions,messages,bin-products}","本地持久化 Demo；非本地内存演示"
"src/portal/FinancePanel.tsx","559","display","""演示汇率""","{quote?.rate?`1 ${quote.from} = ${quote.rate} ${quote.to}`:quote?'旧报价未提供汇率':'获取报价后显示'}","portal/{state,action,transactions,messages,bin-products}","本地持久化 Demo；非本地内存演示"
"src/portal/FinancePanel.tsx","560","display","""预计获得""","<Typography component=""span"" variant=""subtitle1"" color={quoteValid?'primary.main':'text.secondary'}>{quote?asset(quote.receive,quote.to):'—'}</Typography>","portal/{state,action,transactions,messages,bin-products}","本地持久化 Demo；非本地内存演示"
"src/portal/FinancePanel.tsx","588","input/filter","""提现网络""","{policy.network}","portal/{state,action,transactions,messages,bin-products}","本地持久化 Demo；非本地内存演示"
"src/portal/FinancePanel.tsx","593","input/filter","""收款地址""","{selectedAddress}","portal/{state,action,transactions,messages,bin-products}","本地持久化 Demo；非本地内存演示"
"src/portal/FinancePanel.tsx","611","input/filter","""收款人到账数量 · USDT""","{amount}","portal/{state,action,transactions,messages,bin-products}","本地持久化 Demo；非本地内存演示"
"src/portal/FinancePanel.tsx","656","display","""完整收款地址""","{address?.address}","portal/{state,action,transactions,messages,bin-products}","本地持久化 Demo；非本地内存演示"
"src/portal/FinancePanel.tsx","657","display","""到账数量"""," {asset(withdrawalAmount, ""USDT"")} ","portal/{state,action,transactions,messages,bin-products}","本地持久化 Demo；非本地内存演示"
"src/portal/FinancePanel.tsx","660","display","""提现手续费"""," {asset(policy.withdrawalFee, ""USDT"")} ","portal/{state,action,transactions,messages,bin-products}","本地持久化 Demo；非本地内存演示"
"src/portal/FinancePanel.tsx","663","display","""本次总扣款"""," {asset(withdrawalAmount + policy.withdrawalFee, ""USDT"")} ","portal/{state,action,transactions,messages,bin-products}","本地持久化 Demo；非本地内存演示"
"src/portal/FinancePanel.tsx","666","display","""剩余可用余额"""," {asset( f.usdt - withdrawalAmount - policy.withdrawalFee, ""USDT"", )} ","portal/{state,action,transactions,messages,bin-products}","本地持久化 Demo；非本地内存演示"
"src/portal/FinancePanel.tsx","738","display","{a.enabled ? ""可用"" : ""已停用""}","","portal/{state,action,transactions,messages,bin-products}","本地持久化 Demo；非本地内存演示"
"src/portal/FinancePanel.tsx","779","input/filter","""地址备注""","""label""","portal/{state,action,transactions,messages,bin-products}","本地持久化 Demo；非本地内存演示"
"src/portal/FinancePanel.tsx","785","input/filter","""网络""","{policy.network}","portal/{state,action,transactions,messages,bin-products}","本地持久化 Demo；非本地内存演示"
"src/portal/FinancePanel.tsx","790","input/filter","""演示地址""","""address""","portal/{state,action,transactions,messages,bin-products}","本地持久化 Demo；非本地内存演示"
"src/portal/FinancePanel.tsx","811","input/filter","""订单号、地址或名称""","{search}","portal/{state,action,transactions,messages,bin-products}","本地持久化 Demo；非本地内存演示"
"src/portal/FinancePanel.tsx","817","input/filter","""类型""","{filter}","portal/{state,action,transactions,messages,bin-products}","本地持久化 Demo；非本地内存演示"
"src/portal/FinancePanel.tsx","838","input/filter","""币种""","{currency}","portal/{state,action,transactions,messages,bin-products}","本地持久化 Demo；非本地内存演示"
"src/portal/FinancePanel.tsx","853","input/filter","""开始日期""","{start}","portal/{state,action,transactions,messages,bin-products}","本地持久化 Demo；非本地内存演示"
"src/portal/FinancePanel.tsx","860","input/filter","""结束日期""","{end}","portal/{state,action,transactions,messages,bin-products}","本地持久化 Demo；非本地内存演示"
"src/portal/FinancePanel.tsx","909","display","""订单编号""","{order.id}","portal/{state,action,transactions,messages,bin-products}","本地持久化 Demo；非本地内存演示"
"src/portal/FinancePanel.tsx","910","display","""提交时间""","{order.created}","portal/{state,action,transactions,messages,bin-products}","本地持久化 Demo；非本地内存演示"
"src/portal/FinancePanel.tsx","911","display","{ order.kind === ""提现"" ? ""到账申请金额"" : ""支付 / 申请金额"" }"," {asset(order.amount, order.currency)} ","portal/{state,action,transactions,messages,bin-products}","本地持久化 Demo；非本地内存演示"
"src/portal/FinancePanel.tsx","918","display","{ order.kind === ""兑换"" ? ""其中手续费"" : order.kind === ""提现"" ? ""另扣手续费"" : ""手续费"" }"," {asset(order.fee, order.currency)} ","portal/{state,action,transactions,messages,bin-products}","本地持久化 Demo；非本地内存演示"
"src/portal/FinancePanel.tsx","930","display","""本次总扣款"""," {asset(order.amount + order.fee, order.currency)} ","portal/{state,action,transactions,messages,bin-products}","本地持久化 Demo；非本地内存演示"
"src/portal/FinancePanel.tsx","934","display","{order.status === ""已完成"" ? ""最终到账"" : ""预计到账""}"," {asset(order.receive, order.toCurrency)} ","portal/{state,action,transactions,messages,bin-products}","本地持久化 Demo；非本地内存演示"
"src/portal/FinancePanel.tsx","939","display","""网络""","{order.network}","portal/{state,action,transactions,messages,bin-products}","本地持久化 Demo；非本地内存演示"
"src/portal/FinancePanel.tsx","941","display","""完整地址""","{order.address}","portal/{state,action,transactions,messages,bin-products}","本地持久化 Demo；非本地内存演示"
"src/portal/FinancePanel.tsx","943","display","""模拟交易标识""","{order.tx}","portal/{state,action,transactions,messages,bin-products}","本地持久化 Demo；非本地内存演示"
"src/portal/FinancePanel.tsx","945","display","""锁定报价编号""","{order.quoteId}","portal/{state,action,transactions,messages,bin-products}","本地持久化 Demo；非本地内存演示"
"src/portal/FinancePanel.tsx","947","display","""关联对象""","{order.target}","portal/{state,action,transactions,messages,bin-products}","本地持久化 Demo；非本地内存演示"
"src/portal/MessageCenter.tsx","269","display","{ <Stack direction=""row"" gap={1} alignItems=""center""> {label} <Chip size=""small"" label={count} sx={{ height: 22 }} /> </Stack> }","{v}","portal/{state,action,transactions,messages,bin-products}","本地持久化 Demo；非本地内存演示"
"src/portal/MessageCenter.tsx","275","display","{count}","","portal/{state,action,transactions,messages,bin-products}","本地持久化 Demo；非本地内存演示"
"src/portal/MessageCenter.tsx","291","input/filter","""搜索消息""","{keyword}","portal/{state,action,transactions,messages,bin-products}","本地持久化 Demo；非本地内存演示"
"src/portal/MessageCenter.tsx","306","input/filter","""消息类型""","{category}","portal/{state,action,transactions,messages,bin-products}","本地持久化 Demo；非本地内存演示"
"src/portal/MessageCenter.tsx","535","display","{messageTypes[n.category] || ""其他消息""}","","portal/{state,action,transactions,messages,bin-products}","本地持久化 Demo；非本地内存演示"
"src/portal/MessageCenter.tsx","657","display","{messageTypes[detail.category] || ""其他消息""}","","portal/{state,action,transactions,messages,bin-products}","本地持久化 Demo；非本地内存演示"
"src/portal/MessageCenter.tsx","662","display","{detail.read ? ""已读"" : ""未读""}","","portal/{state,action,transactions,messages,bin-products}","本地持久化 Demo；非本地内存演示"
"src/portal/Portal.tsx","71","display","{status}","","portal/{state,action,transactions,messages,bin-products}","本地持久化 Demo；非本地内存演示"
"src/portal/Portal.tsx","384","display","{state.notices.filter((n) => !n.read).length}","","portal/{state,action,transactions,messages,bin-products}","本地持久化 Demo；非本地内存演示"
"src/portal/Portal.tsx","450","display","{'Demo / 模拟数据'}","","portal/{state,action,transactions,messages,bin-products}","本地持久化 Demo；非本地内存演示"
"src/portal/Portal.tsx","555","input/filter","""搜索商户、卡片尾号或交易号""","{query}","portal/{state,action,transactions,messages,bin-products}","本地持久化 Demo；非本地内存演示"
"src/portal/Portal.tsx","561","input/filter","""状态""","{status}","portal/{state,action,transactions,messages,bin-products}","本地持久化 Demo；非本地内存演示"
"src/portal/Portal.tsx","605","display","""演示待处理""","","portal/{state,action,transactions,messages,bin-products}","本地持久化 Demo；非本地内存演示"
"src/portal/Portal.tsx","682","input/filter","{op === ""onboard"" ? ""演示开户姓名"" : ""名称""}","""name""","portal/{state,action,transactions,messages,bin-products}","本地持久化 Demo；非本地内存演示"
"src/portal/Portal.tsx","690","input/filter","""选择卡片""","{ state.cards.find((c) => c.id === cardId && !c.frozen)?.id || state.cards.find((c) => !c.frozen)?.id || """" }","portal/{state,action,transactions,messages,bin-products}","本地持久化 Demo；非本地内存演示"
"src/portal/Portal.tsx","715","input/filter","""付款账户""","""main""","portal/{state,action,transactions,messages,bin-products}","本地持久化 Demo；非本地内存演示"
"src/portal/Portal.tsx","727","input/filter","""金额 · USD""","""amount""","portal/{state,action,transactions,messages,bin-products}","本地持久化 Demo；非本地内存演示"
"src/portal/Portal.tsx","740","input/filter","""演示联系邮箱""","""email""","portal/{state,action,transactions,messages,bin-products}","本地持久化 Demo；非本地内存演示"
"src/portal/Portal.tsx","748","input/filter","""问题描述""","{ detail ? `交易 ${detail.id}：` : page === ""cards"" && cardId ? `卡片 ${cardId}：` : new URLSearchParams(location.search).get(""order"") ? `资金订单 ${new URLSearchParams(location.search).get(""order"")}：` : """" }","portal/{state,action,transactions,messages,bin-products}","本地持久化 Demo；非本地内存演示"
"src/portal/UnifiedTransactions.tsx","23","input/filter","{label}","{params.get(name)||''}","portal/{state,action,transactions,messages,bin-products}","本地持久化 Demo；非本地内存演示"
"src/portal/UnifiedTransactions.tsx","25","table-column","'商户 / 订单'","'name' | ","portal/{state,action,transactions,messages,bin-products}","本地持久化 Demo；非本地内存演示"
"src/portal/UnifiedTransactions.tsx","26","table-column","'所属卡片'","'card' | p=>{const card=p.row.cardSummary;return card?<Button component={Link} size=""small"" to={`/portal/cards/${encodeURIComponent(card.id)}`} title={card.name}>•••• {card.last4||card.id.slice(-4)}</Button>:'—';}","portal/{state,action,transactions,messages,bin-products}","本地持久化 Demo；非本地内存演示"
"src/portal/UnifiedTransactions.tsx","27","table-column","'业务类型'","'kind' | ","portal/{state,action,transactions,messages,bin-products}","本地持久化 Demo；非本地内存演示"
"src/portal/UnifiedTransactions.tsx","28","table-column","'金额'","'amount' | p=>p.row.nonFinancial?'不涉及资金':asset(p.row.amount,p.row.currency)","portal/{state,action,transactions,messages,bin-products}","本地持久化 Demo；非本地内存演示"
"src/portal/UnifiedTransactions.tsx","29","table-column","'状态'","'statusText' | p=><Chip size=""small"" variant=""outlined"" label={p.row.statusText||p.row.status} color={p.row.status==='失败'?'error':p.row.status==='处理中'?'warning':'default'}/>","portal/{state,action,transactions,messages,bin-products}","本地持久化 Demo；非本地内存演示"
"src/portal/UnifiedTransactions.tsx","29","display","{p.row.statusText||p.row.status}","","portal/{state,action,transactions,messages,bin-products}","本地持久化 Demo；非本地内存演示"
"src/portal/UnifiedTransactions.tsx","30","table-column","'来源日期 / 订单时间'","'time' | ","portal/{state,action,transactions,messages,bin-products}","本地持久化 Demo；非本地内存演示"
"src/portal/UnifiedTransactions.tsx","31","table-column","'交易记录 ID'","'id' | ","portal/{state,action,transactions,messages,bin-products}","本地持久化 Demo；非本地内存演示"
"src/portal/UnifiedTransactions.tsx","32","table-column","'Slash status'","'rawStatus' | (_,r)=>r.slash?.source.status||'—'","portal/{state,action,transactions,messages,bin-products}","本地持久化 Demo；非本地内存演示"
"src/portal/UnifiedTransactions.tsx","33","table-column","'Slash detailedStatus'","'detailedStatus' | (_,r)=>r.slash?.source.detailedStatus||'—'","portal/{state,action,transactions,messages,bin-products}","本地持久化 Demo；非本地内存演示"
"src/portal/UnifiedTransactions.tsx","34","table-column","'商户订单号'","'merchantOrderId' | (_,r)=>r.slash?.source.orderId||'—'","portal/{state,action,transactions,messages,bin-products}","本地持久化 Demo；非本地内存演示"
"src/portal/UnifiedTransactions.tsx","35","table-column","'内部资金订单号'","'orderId' | v=>v||'—'","portal/{state,action,transactions,messages,bin-products}","本地持久化 Demo；非本地内存演示"
"src/portal/UnifiedTransactions.tsx","36","table-column","'授权时间 UTC'","'authorizedAt' | (_,r)=>r.slash?.source.authorizedAt||'—'","portal/{state,action,transactions,messages,bin-products}","本地持久化 Demo；非本地内存演示"
"src/portal/UnifiedTransactions.tsx","37","table-column","'原币金额'","'originalCurrency' | (_,r)=>r.slash?.source.originalCurrency?`${r.slash.source.originalCurrency.amountCents} ${r.slash.source.originalCurrency.code} 最小单位`:'—'","portal/{state,action,transactions,messages,bin-products}","本地持久化 Demo；非本地内存演示"
"src/portal/UnifiedTransactions.tsx","38","table-column","'操作'","'detail' | p=><Button onClick={()=>setSelectedId(p.row.id)} size=""small"">查看详情</Button>","portal/{state,action,transactions,messages,bin-products}","本地持久化 Demo；非本地内存演示"
"src/portal/UnifiedTransactions.tsx","41","input/filter","""搜索商户、卡片 ID、订单号或场景编号""","{keyword}","portal/{state,action,transactions,messages,bin-products}","本地持久化 Demo；非本地内存演示"
"src/portal/UnifiedTransactions.tsx","42","input/filter","{n?'结束日期':'开始日期'}","{params.get('tx'+k)||''}","portal/{state,action,transactions,messages,bin-products}","本地持久化 Demo；非本地内存演示"
"src/portal/UnifiedTransactions.tsx","62","display","{current.statusText||current.status}","","portal/{state,action,transactions,messages,bin-products}","本地持久化 Demo；非本地内存演示"
"src/slash/AccountDetail.tsx","17","display","{value==='open'?'已开立':value==='closed'?'已关闭':value?`未知状态 · ${value}`:'—'}","","demo/{accounts,cards,transactions,summary,scenarios}","本地来源 Demo"
"src/slash/AccountDetail.tsx","39","display","{label}","{tabs[n]}","demo/{accounts,cards,transactions,summary,scenarios}","本地来源 Demo"
"src/slash/AccountDetail.tsx","42","display","""账户名称""","{s.name}","demo/{accounts,cards,transactions,summary,scenarios}","本地来源 Demo"
"src/slash/AccountDetail.tsx","42","display","""账户类型""","{accountType(s.type)}","demo/{accounts,cards,transactions,summary,scenarios}","本地来源 Demo"
"src/slash/AccountDetail.tsx","42","display","""所属用户（内部映射）""","{i.customerName||i.email||i.customerId||'未关联用户'}","demo/{accounts,cards,transactions,summary,scenarios}","本地来源 Demo"
"src/slash/AccountDetail.tsx","42","display","""用户邮箱""","{i.email}","demo/{accounts,cards,transactions,summary,scenarios}","本地来源 Demo"
"src/slash/AccountDetail.tsx","42","display","""渠道""","{i.platform==='slash'?'Slash':i.platform||'—'}","demo/{accounts,cards,transactions,summary,scenarios}","本地来源 Demo"
"src/slash/AccountDetail.tsx","42","display","""最近同步时间 · UTC""","{accountTime(i.lastSyncedAt)}","demo/{accounts,cards,transactions,summary,scenarios}","本地来源 Demo"
"src/slash/AccountDetail.tsx","47","display","""名称""","{v.source.name}","demo/{accounts,cards,transactions,summary,scenarios}","本地来源 Demo"
"src/slash/AccountDetail.tsx","47","display","""虚拟账户 ID""","{v.id}","demo/{accounts,cards,transactions,summary,scenarios}","本地来源 Demo"
"src/slash/AccountDetail.tsx","47","display","""来源账户类型""","{v.source.accountType}","demo/{accounts,cards,transactions,summary,scenarios}","本地来源 Demo"
"src/slash/AccountDetail.tsx","47","display","""所属账户 ID""","{v.source.accountId}","demo/{accounts,cards,transactions,summary,scenarios}","本地来源 Demo"
"src/slash/AccountDetail.tsx","52","display","""平台账户 ID""","{d.id}","demo/{accounts,cards,transactions,summary,scenarios}","本地来源 Demo"
"src/slash/AccountDetail.tsx","52","display","""来源状态""","{s.status}","demo/{accounts,cards,transactions,summary,scenarios}","本地来源 Demo"
"src/slash/AccountDetail.tsx","52","display","""来源账户类型""","{s.type}","demo/{accounts,cards,transactions,summary,scenarios}","本地来源 Demo"
"src/slash/AccountDetail.tsx","52","display","""平台 / 实体""","{`${i.platform||'—'} / ${i.entityId||'—'}`}","demo/{accounts,cards,transactions,summary,scenarios}","本地来源 Demo"
"src/slash/AccountDetail.tsx","52","display","""内部用户 ID""","{i.customerId}","demo/{accounts,cards,transactions,summary,scenarios}","本地来源 Demo"
"src/slash/AccountDetail.tsx","52","display","""首次采集时间 · UTC""","{accountTime(i.firstCollectedAt)}","demo/{accounts,cards,transactions,summary,scenarios}","本地来源 Demo"
"src/slash/AccountDetail.tsx","52","display","""最近同步时间 · UTC""","{accountTime(i.lastSyncedAt)}","demo/{accounts,cards,transactions,summary,scenarios}","本地来源 Demo"
"src/slash/AccountDetail.tsx","52","display","""同步错误""","{i.syncError||'未记录错误'}","demo/{accounts,cards,transactions,summary,scenarios}","本地来源 Demo"
"src/slash/AccountDetail.tsx","52","display","""内部版本（非渠道字段）""","{i.version}","demo/{accounts,cards,transactions,summary,scenarios}","本地来源 Demo"
"src/slash/AccountDetail.tsx","52","display","""数据命名空间""","{i.namespace}","demo/{accounts,cards,transactions,summary,scenarios}","本地来源 Demo"
"src/slash/AccountDetail.tsx","52","display","""测试场景""","{i.scenarioId}","demo/{accounts,cards,transactions,summary,scenarios}","本地来源 Demo"
"src/slash/CardOwnerEditor.tsx","11","input/filter","""选择内部用户""","","management/card-ownership/cards/:id + management/users","内部数据库用户归属，不取 Slash 用户字段"
"src/slash/CardOwnerEditor.tsx","11","input/filter","""绑定或变更原因""","{reason}","management/card-ownership/cards/:id + management/users","内部数据库用户归属，不取 Slash 用户字段"
"src/slash/LiveSlashPage.tsx","26","display","{state.running?'同步中':state.state==='error'?'同步失败':state.errors?.length?'部分更新失败':state.stale?'数据待更新':'已更新'}","","management/live/{status,cards,transactions}","真实只读投影；部分字段尚未采集"
"src/slash/LiveSlashPage.tsx","26","display","{`固定 ${state.selectedCards} 张真实卡 · 每 ${state.intervalSeconds/60} 分钟更新`}","","management/live/{status,cards,transactions}","真实只读投影；部分字段尚未采集"
"src/slash/LiveSlashPage.tsx","35","display","""Slash 数据""","""slash""","management/live/{status,cards,transactions}","真实只读投影；部分字段尚未采集"
"src/slash/LiveSlashPage.tsx","35","display","""Demo 数据""","""demo""","management/live/{status,cards,transactions}","真实只读投影；部分字段尚未采集"
"src/slash/LiveSlashPage.tsx","64","table-column","F.cardName","'cardName' | (v:string)=>v||'—'","management/live/{status,cards,transactions}","真实只读投影；部分字段尚未采集"
"src/slash/LiveSlashPage.tsx","65","table-column","F.last4","'maskedCardNumber' | (v:string)=>v ? `•••• ${v.slice(-4)}` : '—'","management/live/{status,cards,transactions}","真实只读投影；部分字段尚未采集"
"src/slash/LiveSlashPage.tsx","66","table-column","'状态'","'cardStatus' | v=>sourceLabel(v,cardLabels)","management/live/{status,cards,transactions}","真实只读投影；部分字段尚未采集"
"src/slash/LiveSlashPage.tsx","67","table-column","'导入分组'","'groups' | p=>(p.row.groups||[]).map(g=>groups[g]||g).join('、')||'—'","management/live/{status,cards,transactions}","真实只读投影；部分字段尚未采集"
"src/slash/LiveSlashPage.tsx","68","table-column","F.createdAt","'createdAtUTC' | (v:string)=>date(v)","management/live/{status,cards,transactions}","真实只读投影；部分字段尚未采集"
"src/slash/LiveSlashPage.tsx","69","table-column","F.observedAt","'observedAt' | (v:string)=>date(v)","management/live/{status,cards,transactions}","真实只读投影；部分字段尚未采集"
"src/slash/LiveSlashPage.tsx","70","table-column","'所属用户'","'customer' | (_,row)=>row.internal?.customerName||row.internal?.customerId||'未绑定'","management/live/{status,cards,transactions}","真实只读投影；部分字段尚未采集"
"src/slash/LiveSlashPage.tsx","71","table-column","'渠道'","'channel' | (_,row)=>{const provider=row.internal?.platform||'slash';return ({slash:'Slash',wasabi:'Wasabi'} as Record<string,string>)[provider.toLowerCase()]||provider;}","management/live/{status,cards,transactions}","真实只读投影；部分字段尚未采集"
"src/slash/LiveSlashPage.tsx","72","table-column","F.sync","'fetchError' | p=><Chip size=""small"" label={p.value?'读取失败 · 保留旧值':'已采集'} color={p.value?'warning':'default'}/>","management/live/{status,cards,transactions}","真实只读投影；部分字段尚未采集"
"src/slash/LiveSlashPage.tsx","72","display","{p.value?'读取失败 · 保留旧值':'已采集'}","","management/live/{status,cards,transactions}","真实只读投影；部分字段尚未采集"
"src/slash/LiveSlashPage.tsx","73","table-column","'平台卡片 ID'","'id' | ","management/live/{status,cards,transactions}","真实只读投影；部分字段尚未采集"
"src/slash/LiveSlashPage.tsx","74","table-column","F.action","'actions' | p=><><Button onClick={e=>{e.stopPropagation();void show(p.row.id);}}>详情</Button><Button onClick={e=>{e.stopPropagation();navigate(`/transactions?source=slash&cardId=${encodeURIComponent(p.row.id)}`);}}>交易</Button></>","management/live/{status,cards,transactions}","真实只读投影；部分字段尚未采集"
"src/slash/LiveSlashPage.tsx","76","table-column","F.merchant","'merchant' | (v:string)=>v||'—'","management/live/{status,cards,transactions}","真实只读投影；部分字段尚未采集"
"src/slash/LiveSlashPage.tsx","77","table-column","F.cardId","'cardId' | (_,row)=>typeof row.cardLast4==='string'&&/^[0-9]{4}$/.test(row.cardLast4)?`•••• ${row.cardLast4}`:'—'","management/live/{status,cards,transactions}","真实只读投影；部分字段尚未采集"
"src/slash/LiveSlashPage.tsx","78","table-column","'所属用户'","'customer' | (_,row)=>row.internal?.customerName||row.internal?.customerId||'未绑定'","management/live/{status,cards,transactions}","真实只读投影；部分字段尚未采集"
"src/slash/LiveSlashPage.tsx","79","table-column","F.original","'originalCurrency' | originalText","management/live/{status,cards,transactions}","真实只读投影；部分字段尚未采集"
"src/slash/LiveSlashPage.tsx","80","table-column","F.amount","'amountCents' | (v:string|null)=>v==null?'—':`USD ${liveMoney(v)}`","management/live/{status,cards,transactions}","真实只读投影；部分字段尚未采集"
"src/slash/LiveSlashPage.tsx","81","table-column","'状态'","'status' | p=><TransactionStatusChip status={p.row.status} detailedStatus={p.row.detailedStatus}/>","management/live/{status,cards,transactions}","真实只读投影；部分字段尚未采集"
"src/slash/LiveSlashPage.tsx","82","table-column","F.authorizedAt","'authorizedAt' | (v:string)=>date(v)","management/live/{status,cards,transactions}","真实只读投影；部分字段尚未采集"
"src/slash/LiveSlashPage.tsx","83","table-column","F.postedAt","'postedAt' | (_,row)=>row.status==='posted'?row.date:null","management/live/{status,cards,transactions}","真实只读投影；部分字段尚未采集"
"src/slash/LiveSlashPage.tsx","84","table-column","F.sourceDate","'date' | (v:string)=>date(v)","management/live/{status,cards,transactions}","真实只读投影；部分字段尚未采集"
"src/slash/LiveSlashPage.tsx","85","table-column","F.observedAt","'observedAt' | (v:string)=>date(v)","management/live/{status,cards,transactions}","真实只读投影；部分字段尚未采集"
"src/slash/LiveSlashPage.tsx","86","table-column","'平台交易 ID'","'id' | ","management/live/{status,cards,transactions}","真实只读投影；部分字段尚未采集"
"src/slash/LiveSlashPage.tsx","87","table-column","F.action","'actions' | p=><Button onClick={e=>{e.stopPropagation();void show(p.row.id);}}>查看详情</Button>","management/live/{status,cards,transactions}","真实只读投影；部分字段尚未采集"
"src/slash/LiveSlashPage.tsx","96","input/filter","""搜索""","{keyword}","management/live/{status,cards,transactions}","真实只读投影；部分字段尚未采集"
"src/slash/LiveSlashPage.tsx","97","input/filter","""状态""","{params.get('status')||''}","management/live/{status,cards,transactions}","真实只读投影；部分字段尚未采集"
"src/slash/LiveSlashPage.tsx","98","input/filter","""导入分组""","{params.get('group')||''}","management/live/{status,cards,transactions}","真实只读投影；部分字段尚未采集"
"src/slash/SourceDemoPage.tsx","29","display","{raw?`${label||'未知状态'} · ${raw}`:'—'}","","demo/{accounts,cards,transactions,summary,scenarios}","本地来源 Demo"
"src/slash/SourceDemoPage.tsx","41","table-column","'操作'","'detail' | p=><Button component={RouterLink} to={href(p.row.id)} aria-label={`查看${kind==='cards'?'卡片':kind==='accounts'?'账户':'交易'}详情 ${p.row.id}`} size=""small"" endIcon={<Icon icon=""solar:alt-arrow-right-linear""/>}>查看详情</Button>","demo/{accounts,cards,transactions,summary,scenarios}","本地来源 Demo"
"src/slash/SourceDemoPage.tsx","42","table-column","tx?'平台交易 ID':kind==='cards'?'卡片 ID':'账户 ID'","'id' | p=><RecordLink kind={tx?'transaction':kind==='cards'?'card':'account'} id={p.row.id} href={href(p.row.id)}/>","demo/{accounts,cards,transactions,summary,scenarios}","本地来源 Demo"
"src/slash/SourceDemoPage.tsx","43","table-column","'场景'","'scenario' | (_,r)=>r.internal.scenarioId","demo/{accounts,cards,transactions,summary,scenarios}","本地来源 Demo"
"src/slash/SourceDemoPage.tsx","44","table-column","kind==='cards'?'状态':'来源状态'","'status' | p=><Status raw={p.row.source.status}/>","demo/{accounts,cards,transactions,summary,scenarios}","本地来源 Demo"
"src/slash/SourceDemoPage.tsx","47","table-column","'详细状态'","'detailedStatus' | p=><Status raw={p.row.source.detailedStatus} detailed/>","demo/{accounts,cards,transactions,summary,scenarios}","本地来源 Demo"
"src/slash/SourceDemoPage.tsx","48","table-column","'账户币金额'","'amount' | (_,r)=>r.source.amountCents","demo/{accounts,cards,transactions,summary,scenarios}","本地来源 Demo"
"src/slash/SourceDemoPage.tsx","49","table-column","'商户'","'merchant' | (_,r)=>r.source.merchantData?.description??'—'","demo/{accounts,cards,transactions,summary,scenarios}","本地来源 Demo"
"src/slash/SourceDemoPage.tsx","50","table-column","'来源日期（UTC）'","'date' | (_,r)=>r.source.date","demo/{accounts,cards,transactions,summary,scenarios}","本地来源 Demo"
"src/slash/SourceDemoPage.tsx","51","table-column","'日期含义'","'dateMeaning' | (_,r)=>r.dateMeaning","demo/{accounts,cards,transactions,summary,scenarios}","本地来源 Demo"
"src/slash/SourceDemoPage.tsx","52","table-column","'授权时间（UTC）'","'authorizedAt' | (_,r)=>r.source.authorizedAt??'—'","demo/{accounts,cards,transactions,summary,scenarios}","本地来源 Demo"
"src/slash/SourceDemoPage.tsx","53","table-column","'平台账户'","'accountId' | (_,r)=>r.source.accountId","demo/{accounts,cards,transactions,summary,scenarios}","本地来源 Demo"
"src/slash/SourceDemoPage.tsx","54","table-column","'虚拟账户'","'virtualAccountId' | (_,r)=>r.source.virtualAccountId??'—'","demo/{accounts,cards,transactions,summary,scenarios}","本地来源 Demo"
"src/slash/SourceDemoPage.tsx","55","table-column","'卡片'","'cardId' | (_,r)=>r.source.cardId??'—'","demo/{accounts,cards,transactions,summary,scenarios}","本地来源 Demo"
"src/slash/SourceDemoPage.tsx","56","table-column","'原币'","'originalCurrency' | (_,r)=>r.source.originalCurrency?.code??'—'","demo/{accounts,cards,transactions,summary,scenarios}","本地来源 Demo"
"src/slash/SourceDemoPage.tsx","57","table-column","'原币金额'","'originalAmount' | (_,r)=>money(r.source.originalCurrency?.amountCents,r.source.originalCurrency?.code)","demo/{accounts,cards,transactions,summary,scenarios}","本地来源 Demo"
"src/slash/SourceDemoPage.tsx","58","table-column","'转换汇率'","'conversionRate' | (_,r)=>r.source.originalCurrency?.conversionRate??'—'","demo/{accounts,cards,transactions,summary,scenarios}","本地来源 Demo"
"src/slash/SourceDemoPage.tsx","60","table-column","'MCC'","'mcc' | (_,r)=>r.source.merchantData?.categoryCode??'—'","demo/{accounts,cards,transactions,summary,scenarios}","本地来源 Demo"
"src/slash/SourceDemoPage.tsx","61","table-column","'平台'","'platform' | (_,r)=>r.internal.platform","demo/{accounts,cards,transactions,summary,scenarios}","本地来源 Demo"
"src/slash/SourceDemoPage.tsx","62","table-column","'对账关联'","'matching' | (_,r)=>matchingLabels[r.internal.matchingStatus||'']||'待确认'","demo/{accounts,cards,transactions,summary,scenarios}","本地来源 Demo"
"src/slash/SourceDemoPage.tsx","63","table-column","'卡片名称'","'name' | (_,r)=>r.source.name","demo/{accounts,cards,transactions,summary,scenarios}","本地来源 Demo"
"src/slash/SourceDemoPage.tsx","64","table-column","'卡号后四位'","'last4' | (_:unknown,r:SourceRecord)=>r.source.last4","demo/{accounts,cards,transactions,summary,scenarios}","本地来源 Demo"
"src/slash/SourceDemoPage.tsx","64","table-column","'有效期'","'expiry' | (_:unknown,r:SourceRecord)=>`${r.source.expiryMonth??'—'}/${r.source.expiryYear??'—'}`","demo/{accounts,cards,transactions,summary,scenarios}","本地来源 Demo"
"src/slash/SourceDemoPage.tsx","64","table-column","'账户类型'","'type' | (_:unknown,r:SourceRecord)=>r.source.type","demo/{accounts,cards,transactions,summary,scenarios}","本地来源 Demo"
"src/slash/SourceDemoPage.tsx","65","table-column","'所属用户'","'customer' | (_,r)=>r.internal.email","demo/{accounts,cards,transactions,summary,scenarios}","本地来源 Demo"
"src/slash/SourceDemoPage.tsx","67","table-column","'账户名称'","'name' | (_,r)=>r.source.name??'—'","demo/{accounts,cards,transactions,summary,scenarios}","本地来源 Demo"
"src/slash/SourceDemoPage.tsx","68","table-column","'邮件地址'","'email' | (_,r)=>r.internal.email||'—'","demo/{accounts,cards,transactions,summary,scenarios}","本地来源 Demo"
"src/slash/SourceDemoPage.tsx","69","table-column","'状态'","'status' | p=><AccountStatus value={p.row.source.status}/>","demo/{accounts,cards,transactions,summary,scenarios}","本地来源 Demo"
"src/slash/SourceDemoPage.tsx","70","table-column","'余额'","'balance' | p=><Stack gap={0.5} sx={{width:'100%',py:1,textAlign:'right',fontVariantNumeric:'tabular-nums'}}>{p.row.balances?.length?p.row.balances.map(b=><Typography key={b.id} variant=""body2"" title={`可用余额 · ${b.source.type||'类型未提供'} · ${accountTime(b.source.timestamp)} UTC`}>{b.internal.currency?money(b.source.available?.amountCents,b.internal.currency):'—'}{p.row.balances!.length>1?` · ${b.source.type||'类型未提供'}`:''}</Typography>):'—'}</Stack>","demo/{accounts,cards,transactions,summary,scenarios}","本地来源 Demo"
"src/slash/SourceDemoPage.tsx","76","input/filter","{label}","{query[key]||''}","demo/{accounts,cards,transactions,summary,scenarios}","本地来源 Demo"
"src/slash/SourceDemoPage.tsx","80","input/filter","{kind==='accounts'?'搜索账户名称、账户 ID 或用户邮箱':kind==='cards'?'搜索卡片名称、尾号或卡片 ID':'ID、场景、订单、商户或事件 ID'}","{keyword}","demo/{accounts,cards,transactions,summary,scenarios}","本地来源 Demo"
"src/slash/SourceDemoPage.tsx","84","input/filter","""开始日期 UTC""","{query.from||''}","demo/{accounts,cards,transactions,summary,scenarios}","本地来源 Demo"
"src/slash/SourceDemoPage.tsx","84","input/filter","""结束日期 UTC""","{query.to||''}","demo/{accounts,cards,transactions,summary,scenarios}","本地来源 Demo"
"src/slash/SourceDemoPage.tsx","86","display","{`场景 ${query.scenario}`}","","demo/{accounts,cards,transactions,summary,scenarios}","本地来源 Demo"
"src/slash/SourceDemoPage.tsx","95","table-column","'场景 ID'","'id' | p=><Link component={RouterLink} to={`/transactions?scenario=${p.row.id}`}>{p.row.id}</Link>","demo/{accounts,cards,transactions,summary,scenarios}","本地来源 Demo"
"src/slash/SourceDemoPage.tsx","95","table-column","'测试场景'","'title' | ","demo/{accounts,cards,transactions,summary,scenarios}","本地来源 Demo"
"src/slash/SourceDemoPage.tsx","95","table-column","'预期页面结果'","'description' | ","demo/{accounts,cards,transactions,summary,scenarios}","本地来源 Demo"
"src/slash/SourceDemoPage.tsx","95","table-column","'预期净入账'","'expected_net_cents' | v=>money(v)","demo/{accounts,cards,transactions,summary,scenarios}","本地来源 Demo"
"src/slash/SourceDemoPage.tsx","95","table-column","'剩余冻结'","'expected_hold_cents' | v=>money(v)","demo/{accounts,cards,transactions,summary,scenarios}","本地来源 Demo"
"src/slash/SourceDemoPage.tsx","95","table-column","'规则边界'","'confirmation' | ","demo/{accounts,cards,transactions,summary,scenarios}","本地来源 Demo"
"src/slash/SourceDemoPage.tsx","96","input/filter","""搜索场景""","{keyword}","demo/{accounts,cards,transactions,summary,scenarios}","本地来源 Demo"
"src/slash/SourceDemoPage.tsx","116","display","""卡片资料""","""overview""","demo/{accounts,cards,transactions,summary,scenarios}","本地来源 Demo"
"src/slash/SourceDemoPage.tsx","116","display","""交易与账单""","""transactions""","demo/{accounts,cards,transactions,summary,scenarios}","本地来源 Demo"
"src/slash/SourceDemoPage.tsx","121","display","""账户币金额（signed amountCents）""","{money(s.amountCents,d.currency)}","demo/{accounts,cards,transactions,summary,scenarios}","本地来源 Demo"
"src/slash/SourceDemoPage.tsx","121","display","""方向（按符号派生）""","{d.direction==='debit'?'支出 / debit':d.direction==='credit'?'收入 / credit':d.direction==='zero'?'真实零值 / zero':'—'}","demo/{accounts,cards,transactions,summary,scenarios}","本地来源 Demo"
"src/slash/SourceDemoPage.tsx","121","display","""status""","{<Status raw={s.status}/>}","demo/{accounts,cards,transactions,summary,scenarios}","本地来源 Demo"
"src/slash/SourceDemoPage.tsx","121","display","""detailedStatus""","{<Status raw={s.detailedStatus} detailed/>}","demo/{accounts,cards,transactions,summary,scenarios}","本地来源 Demo"
"src/slash/SourceDemoPage.tsx","121","display","""账户子类型""","{s.accountSubtype}","demo/{accounts,cards,transactions,summary,scenarios}","本地来源 Demo"
"src/slash/SourceDemoPage.tsx","121","display","""原币金额（未提供时原币为USD）""","{s.originalCurrency?money(s.originalCurrency.amountCents,s.originalCurrency.code):'未提供 originalCurrency；来源文档默认 USD'}","demo/{accounts,cards,transactions,summary,scenarios}","本地来源 Demo"
"src/slash/SourceDemoPage.tsx","121","display","""原币转账户币种汇率""","{s.originalCurrency?.conversionRate}","demo/{accounts,cards,transactions,summary,scenarios}","本地来源 Demo"
"src/slash/SourceDemoPage.tsx","121","display","""授权金额""","""见下方来源版本；不从最终入账金额反推""","demo/{accounts,cards,transactions,summary,scenarios}","本地来源 Demo"
"src/slash/SourceDemoPage.tsx","121","display","""拒绝原因""","{s.declineReason}","demo/{accounts,cards,transactions,summary,scenarios}","本地来源 Demo"
"src/slash/SourceDemoPage.tsx","121","display","""批准原因""","{s.approvalReason}","demo/{accounts,cards,transactions,summary,scenarios}","本地来源 Demo"
"src/slash/SourceDemoPage.tsx","122","display","""authorizedAt · 授权时间 UTC""","{s.authorizedAt}","demo/{accounts,cards,transactions,summary,scenarios}","本地来源 Demo"
"src/slash/SourceDemoPage.tsx","122","display","{`date · ${d.dateMeaning} UTC`}","{s.date}","demo/{accounts,cards,transactions,summary,scenarios}","本地来源 Demo"
"src/slash/SourceDemoPage.tsx","122","display","""已入账时间（仅posted派生）""","{d.postedAt}","demo/{accounts,cards,transactions,summary,scenarios}","本地来源 Demo"
"src/slash/SourceDemoPage.tsx","122","display","""来源对象更新时间""","""—（官方未提供通用updatedAt）""","demo/{accounts,cards,transactions,summary,scenarios}","本地来源 Demo"
"src/slash/SourceDemoPage.tsx","123","display","""商户描述""","{s.merchantData?.description}","demo/{accounts,cards,transactions,summary,scenarios}","本地来源 Demo"
"src/slash/SourceDemoPage.tsx","123","display","""MCC""","{s.merchantData?.categoryCode}","demo/{accounts,cards,transactions,summary,scenarios}","本地来源 Demo"
"src/slash/SourceDemoPage.tsx","123","display","""城市 / 州 / 国家 / 邮编""","{s.merchantData?.location?Object.values(s.merchantData.location).join(' / '):null}","demo/{accounts,cards,transactions,summary,scenarios}","本地来源 Demo"
"src/slash/SourceDemoPage.tsx","123","display","""来源交易描述""","{s.description}","demo/{accounts,cards,transactions,summary,scenarios}","本地来源 Demo"
"src/slash/SourceDemoPage.tsx","123","display","""memo""","{s.memo}","demo/{accounts,cards,transactions,summary,scenarios}","本地来源 Demo"
"src/slash/SourceDemoPage.tsx","124","display","""平台交易 ID""","{id}","demo/{accounts,cards,transactions,summary,scenarios}","本地来源 Demo"
"src/slash/SourceDemoPage.tsx","124","display","""平台账户 ID""","{<RecordLink kind=""account"" id={s.accountId}/>}","demo/{accounts,cards,transactions,summary,scenarios}","本地来源 Demo"
"src/slash/SourceDemoPage.tsx","124","display","""虚拟账户 ID""","{s.virtualAccountId}","demo/{accounts,cards,transactions,summary,scenarios}","本地来源 Demo"
"src/slash/SourceDemoPage.tsx","124","display","""卡片 ID""","{<RecordLink kind=""card"" id={s.cardId}/>}","demo/{accounts,cards,transactions,summary,scenarios}","本地来源 Demo"
"src/slash/SourceDemoPage.tsx","124","display","""orderId（非唯一）""","{s.orderId}","demo/{accounts,cards,transactions,summary,scenarios}","本地来源 Demo"
"src/slash/SourceDemoPage.tsx","124","display","""referenceNumber""","{s.referenceNumber}","demo/{accounts,cards,transactions,summary,scenarios}","本地来源 Demo"
"src/slash/SourceDemoPage.tsx","124","display","""providerAuthorizationId""","{s.providerAuthorizationId}","demo/{accounts,cards,transactions,summary,scenarios}","本地来源 Demo"
"src/slash/SourceDemoPage.tsx","125","display","""外汇费信息（不重复扣款）""","{money(s.fxFeeInfo?.amountCents)}","demo/{accounts,cards,transactions,summary,scenarios}","本地来源 Demo"
"src/slash/SourceDemoPage.tsx","125","display","""返现信息（不自动入账）""","{money(s.cashbackInfo?.amountCents)}","demo/{accounts,cards,transactions,summary,scenarios}","本地来源 Demo"
"src/slash/SourceDemoPage.tsx","125","display","""返现比例""","{s.cashbackInfo?.rate}","demo/{accounts,cards,transactions,summary,scenarios}","本地来源 Demo"
"src/slash/SourceDemoPage.tsx","125","display","""feeInfo.relatedTransaction（amount单位未明确）""","{s.feeInfo?.relatedTransaction?`${s.feeInfo.relatedTransaction.id} / 原值 ${s.feeInfo.relatedTransaction.amount}`:null}","demo/{accounts,cards,transactions,summary,scenarios}","本地来源 Demo"
"src/slash/SourceDemoPage.tsx","126","display","{r.relation_type}","","demo/{accounts,cards,transactions,summary,scenarios}","本地来源 Demo"
"src/slash/SourceDemoPage.tsx","126","display","{r.confirmation}","","demo/{accounts,cards,transactions,summary,scenarios}","本地来源 Demo"
"src/slash/SourceDemoPage.tsx","130","display","""来源 ID""","{id}","demo/{accounts,cards,transactions,summary,scenarios}","本地来源 Demo"
"src/slash/SourceDemoPage.tsx","130","display","""名称""","{s.name}","demo/{accounts,cards,transactions,summary,scenarios}","本地来源 Demo"
"src/slash/SourceDemoPage.tsx","130","display","""状态""","{<Status raw={s.status}/>}","demo/{accounts,cards,transactions,summary,scenarios}","本地来源 Demo"
"src/slash/SourceDemoPage.tsx","130","display","""类型""","{kind==='cards'?(s.isPhysical==null?'—':s.isPhysical?'实体卡':'虚拟卡'):s.type}","demo/{accounts,cards,transactions,summary,scenarios}","本地来源 Demo"
"src/slash/SourceDemoPage.tsx","130","display","""后四位""","{s.last4}","demo/{accounts,cards,transactions,summary,scenarios}","本地来源 Demo"
"src/slash/SourceDemoPage.tsx","130","display","""有效期 MM/YYYY""","{s.expiryMonth&&s.expiryYear?`${s.expiryMonth}/${s.expiryYear}`:null}","demo/{accounts,cards,transactions,summary,scenarios}","本地来源 Demo"
"src/slash/SourceDemoPage.tsx","130","display","""所属账户""","{<RecordLink kind=""account"" id={s.accountId}/>}","demo/{accounts,cards,transactions,summary,scenarios}","本地来源 Demo"
"src/slash/SourceDemoPage.tsx","130","display","""虚拟账户""","{s.virtualAccountId}","demo/{accounts,cards,transactions,summary,scenarios}","本地来源 Demo"
"src/slash/SourceDemoPage.tsx","130","display","""卡组""","{`${s.cardGroupName??'—'} / ${s.cardGroupId??'—'}`}","demo/{accounts,cards,transactions,summary,scenarios}","本地来源 Demo"
"src/slash/SourceDemoPage.tsx","130","display","""卡产品 ID""","{s.cardProductId}","demo/{accounts,cards,transactions,summary,scenarios}","本地来源 Demo"
"src/slash/SourceDemoPage.tsx","130","display","""卡片余额""","""—（Slash Card未提供；限额不是余额）""","demo/{accounts,cards,transactions,summary,scenarios}","本地来源 Demo"
"src/slash/SourceDemoPage.tsx","130","display","""消费限额""","{s.spendingConstraint?.spendingRule?.utilizationLimitV2?.map((l,n)=><Typography key={n}>{l.preset} · {money(l.limitAmount?.amountCents)} · {l.timezone??'—'}</Typography>)}","demo/{accounts,cards,transactions,summary,scenarios}","本地来源 Demo"
"src/slash/SourceDemoPage.tsx","131","display","{`可用 available · ${b.source.type} · ${b.source.accountId}`}","{money(b.source.available?.amountCents,b.internal.currency)}","demo/{accounts,cards,transactions,summary,scenarios}","本地来源 Demo"
"src/slash/SourceDemoPage.tsx","131","display","{`已入账 posted · ${b.source.type}`}","{money(b.source.posted?.amountCents,b.internal.currency)}","demo/{accounts,cards,transactions,summary,scenarios}","本地来源 Demo"
"src/slash/SourceDemoPage.tsx","131","display","""余额时间戳 UTC""","{b.source.timestamp}","demo/{accounts,cards,transactions,summary,scenarios}","本地来源 Demo"
"src/slash/SourceDemoPage.tsx","131","display","""余额来源""","""按Demo模型计算的合成来源余额，非实时Slash余额""","demo/{accounts,cards,transactions,summary,scenarios}","本地来源 Demo"
"src/slash/SourceDemoPage.tsx","132","display","""虚拟账户 ID""","{v.id}","demo/{accounts,cards,transactions,summary,scenarios}","本地来源 Demo"
"src/slash/SourceDemoPage.tsx","132","display","""名称""","{v.source.name}","demo/{accounts,cards,transactions,summary,scenarios}","本地来源 Demo"
"src/slash/SourceDemoPage.tsx","132","display","""accountType（default为主账户下的虚拟账户）""","{v.source.accountType}","demo/{accounts,cards,transactions,summary,scenarios}","本地来源 Demo"
"src/slash/SourceDemoPage.tsx","132","display","""所属来源账户""","{v.source.accountId}","demo/{accounts,cards,transactions,summary,scenarios}","本地来源 Demo"
"src/slash/SourceDemoPage.tsx","133","display","""平台 / 实体""","{`${i.platform} / ${i.entityId}`}","demo/{accounts,cards,transactions,summary,scenarios}","本地来源 Demo"
"src/slash/SourceDemoPage.tsx","133","display","""内部客户映射""","{`${i.customerId??'—'} / ${i.email??'—'}`}","demo/{accounts,cards,transactions,summary,scenarios}","本地来源 Demo"
"src/slash/SourceDemoPage.tsx","133","display","""首次采集时间""","{i.firstCollectedAt}","demo/{accounts,cards,transactions,summary,scenarios}","本地来源 Demo"
"src/slash/SourceDemoPage.tsx","133","display","""最近同步时间""","{i.lastSyncedAt}","demo/{accounts,cards,transactions,summary,scenarios}","本地来源 Demo"
"src/slash/SourceDemoPage.tsx","133","display","""同步错误""","{i.syncError??'—（未记录错误）'}","demo/{accounts,cards,transactions,summary,scenarios}","本地来源 Demo"
"src/slash/SourceDemoPage.tsx","133","display","""内部版本（非Slash字段）""","{i.version}","demo/{accounts,cards,transactions,summary,scenarios}","本地来源 Demo"
"src/slash/SourceDemoPage.tsx","133","display","""对账关联""","{matchingLabels[i.matchingStatus||'']||'待确认'}","demo/{accounts,cards,transactions,summary,scenarios}","本地来源 Demo"
"src/slash/SourceDemoPage.tsx","133","display","""命名空间""","{i.namespace}","demo/{accounts,cards,transactions,summary,scenarios}","本地来源 Demo"
"src/slash/SourceDemoPage.tsx","144","display","""已入账支出""","{money(t.postedDebitCents,t.currency)}","demo/{accounts,cards,transactions,summary,scenarios}","本地来源 Demo"
"src/slash/SourceDemoPage.tsx","144","display","""已入账收入""","{money(t.postedCreditCents,t.currency)}","demo/{accounts,cards,transactions,summary,scenarios}","本地来源 Demo"
"src/slash/SourceDemoPage.tsx","144","display","""来源交易净额""","{money(t.postedNetCents,t.currency)}","demo/{accounts,cards,transactions,summary,scenarios}","本地来源 Demo"
"src/slash/SourceDemoPage.tsx","144","display","""未释放授权冻结""","{money(t.holdCents,t.currency)}","demo/{accounts,cards,transactions,summary,scenarios}","本地来源 Demo"
"src/slash/SourceDemoPage.tsx","156","display","""Demo / 模拟数据""","","demo/{accounts,cards,transactions,summary,scenarios}","本地来源 Demo"
"src/slash/TransactionDrawer.tsx","256","display","{sourceLabel(t.status, postingLabels)}","","management/live/transactions/:id + cards/:id","依调用方提供；附件未接入"
"src/slash/TransactionDrawer.tsx","282","display","""详情""","""details""","management/live/transactions/:id + cards/:id","依调用方提供；附件未接入"
"src/slash/TransactionDrawer.tsx","288","display","""附件""","""attachments""","management/live/transactions/:id + cards/:id","依调用方提供；附件未接入"
"src/slash/TransactionDrawer.tsx","315","display","""交易 ID"""," <Stack direction=""row"" justifyContent=""flex-end"" alignItems=""flex-start"" gap={0.5} > <Tooltip title=""复制交易 ID""> <IconButton size=""small"" aria-label=""复制交易 ID"" onClick={() => void copy(t.id)} > <Icon icon=""solar:copy-linear"" width={16} /> </IconButton> </Tooltip> <Typography variant=""body2"" sx={{ userSelect: ""all"", overflowWrap: ""anywhere"" }} > {t.id} </Typography> </Stack> ","management/live/transactions/:id + cards/:id","依调用方提供；附件未接入"
"src/slash/TransactionDrawer.tsx","339","display","""所属卡片"""," {t.cardId ? ( <Button size=""small"" onClick={() => onCard(t.cardId!)} endIcon={<Icon icon=""solar:arrow-right-linear"" />} sx={{ textAlign: ""right"", justifyContent: ""flex-end"", p: 0, overflowWrap: ""anywhere"", }} > {card?.cardName || `卡片 ID …${t.cardId.slice(-8)}`} {card?.maskedCardNumber ? ` · •••• ${card.maskedCardNumber.slice(-4)}` : """"} </Button> ) : ( ""— 未提供卡片关联"" )} ","management/live/transactions/:id + cards/:id","依调用方提供；附件未接入"
"src/slash/TransactionDrawer.tsx","361","display","""所属用户""","{owner}","management/live/transactions/:id + cards/:id","依调用方提供；附件未接入"
"src/slash/TransactionDrawer.tsx","367","display","""授权时间""","{displayTime(t.authorizedAt)}","management/live/transactions/:id + cards/:id","依调用方提供；附件未接入"
"src/slash/TransactionDrawer.tsx","368","display","""入账时间"""," {t.status === ""posted"" ? displayTime(t.date) : t.status === ""pending"" ? ""— 尚未入账"" : t.status === ""failed"" ? ""— 入账失败"" : ""— 入账状态未知""} ","management/live/transactions/:id + cards/:id","依调用方提供；附件未接入"
"src/slash/TransactionDrawer.tsx","377","display","""详细状态"""," {sourceLabel(t.detailedStatus, detailLabels)} ","management/live/transactions/:id + cards/:id","依调用方提供；附件未接入"
"src/slash/TransactionDrawer.tsx","380","display","""商户原始描述 / description"""," {t.merchantData === undefined ? t.merchant : t.merchantData?.description} ","management/live/transactions/:id + cards/:id","依调用方提供；附件未接入"
"src/slash/TransactionDrawer.tsx","383","display","""商户类别码 / categoryCode"""," {t.merchantData === undefined ? t.categoryCode : t.merchantData?.categoryCode} ","management/live/transactions/:id + cards/:id","依调用方提供；附件未接入"
"src/slash/TransactionDrawer.tsx","386","display","""商户地区"""," <Tooltip describeChild title={locationText}> <Typography variant=""body2"" noWrap tabIndex={0}>{locationText}</Typography> </Tooltip> ","management/live/transactions/:id + cards/:id","依调用方提供；附件未接入"
"src/slash/TransactionDrawer.tsx","391","display","""原币金额"""," {originalText(t.originalCurrency)} ","management/live/transactions/:id + cards/:id","依调用方提供；附件未接入"
"src/slash/TransactionDrawer.tsx","394","display","""渠道""","{t.internal?.platform || ""Slash""}","management/live/transactions/:id + cards/:id","依调用方提供；附件未接入"
"src/slash/TransactionDrawer.tsx","396","display","""备注""","{t.memo ?? ""— 备注未采集""}","management/live/transactions/:id + cards/:id","依调用方提供；附件未接入"
"src/slash/TransactionDrawer.tsx","412","display","""来源账户 ID""","{t.accountId}","management/live/transactions/:id + cards/:id","依调用方提供；附件未接入"
"src/slash/TransactionDrawer.tsx","413","display","""商户订单号""","{t.orderId}","management/live/transactions/:id + cards/:id","依调用方提供；附件未接入"
"src/slash/TransactionDrawer.tsx","414","display","""参考号""","{t.referenceNumber}","management/live/transactions/:id + cards/:id","依调用方提供；附件未接入"
"src/slash/TransactionDrawer.tsx","415","display","""采集时间""","{displayTime(t.observedAt)}","management/live/transactions/:id + cards/:id","依调用方提供；附件未接入"
"src/website/Website.tsx","80","display","{item.name}","","无业务 API","静态官网或文案"
"src/website/Website.tsx","86","input/filter","{t(""姓名"")}","""name""","无业务 API","静态官网或文案"
"src/website/Website.tsx","86","input/filter","{t(""工作邮箱"")}","""email""","无业务 API","静态官网或文案"
"src/website/Website.tsx","86","input/filter","{t(""意向服务"")}","{interest}","无业务 API","静态官网或文案"
"src/website/Website.tsx","86","input/filter","{t(""需求描述"")}","""description""","无业务 API","静态官网或文案"
"src/website/auth/ForgotPasswordPage.tsx","16","input/filter","""注册邮箱""","{email}","Firebase SDK + Go /api/v1/{me,register}","身份与注册"
"src/website/auth/PasswordField.tsx","13","display","{label || t('密码')}","{name}","Firebase SDK + Go /api/v1/{me,register}","身份与注册"
"src/website/auth/RegisterPage.tsx","24","display","{t(""姓名"")}","""name""","Firebase SDK + Go /api/v1/{me,register}","身份与注册"
"src/website/auth/RegisterPage.tsx","25","display","{t(""邮箱地址"")}","""email""","Firebase SDK + Go /api/v1/{me,register}","身份与注册"
"src/website/auth/RegisterPage.tsx","26","display","{t(""设置密码（至少 12 位）"")}","","Firebase SDK + Go /api/v1/{me,register}","身份与注册"
"src/website/auth/RegisterPage.tsx","27","display","{t(""确认密码"")}","""confirmPassword""","Firebase SDK + Go /api/v1/{me,register}","身份与注册"
